version,block,trial,condition,valid,motion_direction,quadrant,eccentricity_dva,flash_relative_to_trajectory,jitter_dva,flash_onset_frame,flash_onset_ms,flash_frames,target_dva,target_x_dva,target_y_dva,probe_initial,probe_dva,probe_x_dva,probe_y_dva,foveal_offset,x_offset,y_offset
E2_v02022025,1,1,centralcue,valid,petal,upper_right,7,NaN,1,30,352.941176470588,4,8,5.30487265963075,5.30487265963075,centre,3.21058384938101,2.76551685615914,1.63341372196289,-4.78941615061899,-2.55073044701631,-3.68115357376459
E2_v02022025,1,2,centralcue,valid,fugal,upper_right,11,NaN,-1,27,317.647058823529,4,10,7.11402373423676,7.11402373423675,upper_left,9.28370133527809,6.79677250355063,6.38324746193906,-0.716298664721915,-0.321970238678647,-0.740978380563185
E2_v02022025,1,3,centralcue,valid,fugal,upper_left,7,NaN,0,15,176.470588235294,4,7,-5.05778196197291,5.05778196197291,centre,10.2275160883945,-8.18001060196235,6.22300980538532,3.22751608839449,-3.16187029666706,1.17646993861511
E2_v02022025,1,4,centralcue,valid,fugal,lower_left,7,NaN,0,15,176.470588235294,4,7,-5.05778196197291,-5.05778196197291,upper_right,9.63713817711085,-7.18951332332004,-6.48507852077319,2.63713817711085,-2.15550836554456,-1.44164987251106
E2_v02022025,1,5,centralcue,valid,fugal,upper_right,7,NaN,1,19,223.529411764706,4,8,5.74491306592023,5.74491306592023,centre,10.701944305107,7.81964638659308,7.39736301432456,2.701944305107,2.10337292710861,1.67402139111662
E2_v02022025,1,6,centralcue,valid,fugal,upper_right,11,NaN,1,35,411.764705882353,4,12,8.47501820494743,8.47501820494743,lower_right,8.92518420036801,6.37925698354426,6.2937318592343,-3.07481579963199,-2.13064258955394,-2.21709776385773
E2_v02022025,1,7,centralcue,valid,petal,upper_left,7,NaN,0,34,400,4,7,-4.61678280264094,4.61678280264094,centre,3.90412795787705,-3.15945637130564,2.29813295819368,-3.09587204212295,1.46381959974082,-2.32615573592854
E2_v02022025,1,8,centralcue,valid,petal,lower_right,7,NaN,-1,38,447.058823529412,4,6,3.9273558020264,-3.9273558020264,lower_left,4.12373571870663,2.40607931024742,-3.35296092488049,-1.87626428129337,-1.52566285285184,0.576705035962119
E2_v02022025,1,9,centralcue,valid,fugal,lower_right,11,NaN,-1,27,317.647058823529,4,10,7.11402373423676,-7.11402373423676,centre,9.3716206123186,6.80929268629761,-6.49970387220798,-0.628379387681404,-0.309272258451139,0.623054252090429
E2_v02022025,1,10,centralcue,valid,fugal,lower_right,7,NaN,0,15,176.470588235294,4,7,5.05778196197291,-5.05778196197291,lower_left,8.28392831278414,6.3784968853743,-5.32943404185954,1.28392831278414,1.33377710150092,-0.273894864393002
E2_v02022025,1,11,centralcue,valid,petal,upper_left,7,NaN,1,30,352.941176470588,4,8,-5.30487265963075,5.30487265963075,centre,4.74829483455315,-3.84107054654951,2.79987519069589,-3.25170516544685,1.4729236571092,-2.51635823676412
E2_v02022025,1,12,centralcue,valid,fugal,upper_left,11,NaN,-1,27,317.647058823529,4,10,-7.11402373423675,7.11402373423675,upper_left,12.6241570905998,-10.4000411908116,7.31466273737697,2.62415709059978,-3.36111674016183,0.203853287868259
E2_v02022025,1,13,centralcue,valid,petal,lower_right,11,NaN,-1,22,258.823529411765,4,10,6.67626771403078,-6.67626771403078,centre,4.84087754249065,3.22428577604801,-3.61844868312474,-5.15912245750935,-3.4746889106611,3.08041017700906
E2_v02022025,1,14,centralcue,valid,petal,upper_left,11,NaN,-1,22,258.823529411765,4,10,-6.67626771403078,6.67626771403078,lower_left,5.27894110595212,-3.94793417055704,3.51553011304697,-4.72105889404788,2.75034004715503,-3.18342026496305
E2_v02022025,1,15,centralcue,valid,fugal,upper_left,7,NaN,-1,11,129.411764705882,4,6,-4.36918916497228,4.36918916497228,centre,11.6904226608571,-9.24266295984508,7.28305062732546,5.69042266085714,-4.93376981031372,2.94226475086264
E2_v02022025,1,16,centralcue,valid,fugal,lower_left,7,NaN,-1,11,129.411764705882,4,6,-4.36918916497228,-4.36918916497228,upper_right,8.93595228790881,-6.52021591849054,-6.16329947943706,2.93595228790881,-2.16979282026663,-1.80890320919368
E2_v02022025,1,17,centralcue,valid,fugal,upper_right,7,NaN,1,19,223.529411764706,4,8,5.74491306592023,5.74491306592023,centre,9.41170867269842,6.76281297058986,6.60642406650029,1.41170867269842,1.03004105618652,0.871547640229841
E2_v02022025,1,18,centralcue,valid,petal,upper_right,7,NaN,0,34,400,4,7,4.61678280264094,4.61678280264094,upper_left,3.85114350753522,2.85169679138662,2.59254378131623,-3.14885649246478,-1.77218157826998,-2.03163433391568
E2_v02022025,1,19,centralcue,valid,fugal,upper_left,11,NaN,1,35,411.764705882353,4,12,-8.47501820494743,8.47501820494743,centre,11.3894816795301,-8.80653043740086,7.33680747783912,-0.610518320469909,-0.339164891670615,-1.16004175065336
E2_v02022025,1,20,centralcue,valid,petal,lower_left,11,NaN,1,13,152.941176470588,4,12,-8.20988099693041,-8.20988099693041,upper_left,5.25145555261568,-3.5728377115939,-3.85869150131936,-6.74854444738432,4.67863170089724,4.39336769839584
E2_v02022025,1,21,centralcue,valid,fugal,lower_right,7,NaN,0,15,176.470588235294,4,7,5.05778196197291,-5.05778196197291,centre,9.85078334218108,7.54735533118624,-6.40395894518288,2.85078334218108,2.51872953599641,-1.35954439157111
E2_v02022025,1,22,centralcue,valid,petal,upper_right,11,NaN,0,17,200,4,11,7.52960416350469,7.52960416350469,upper_right,4.48263429505245,3.2902575127616,3.05106968945661,-6.51736570494755,-4.27144180124907,-4.50995741662974
E2_v02022025,1,23,centralcue,valid,fugal,lower_left,11,NaN,-1,27,317.647058823529,4,10,-7.11402373423675,-7.11402373423676,centre,11.546900978143,-9.29851002332833,-6.96706645974852,1.54690097814301,-2.2290801462922,0.149198558506471
E2_v02022025,1,24,centralcue,valid,petal,lower_right,11,NaN,-1,22,258.823529411765,4,10,6.67626771403078,-6.67626771403078,lower_left,4.29289743651938,2.76436514552362,-3.28949044938984,-5.70710256348062,-3.9339429417897,3.40950890465753
E2_v02022025,1,25,centralcue,valid,petal,lower_left,7,NaN,0,34,400,4,7,-4.61678280264094,-4.61678280264094,centre,3.71548734480637,-2.74651334535978,-2.50613532539388,-3.28451265519363,1.87750954649769,2.1181005917939
E2_v02022025,1,26,centralcue,valid,petal,upper_left,11,NaN,1,13,152.941176470588,4,12,-8.20988099693041,8.20988099693041,lower_left,6.17571044953448,-4.58143946789554,4.15889875913094,-5.82428955046552,3.67027706298272,-4.09333770328745
E2_v02022025,1,27,centralcue,valid,petal,lower_left,7,NaN,1,30,352.941176470588,4,8,-5.30487265963075,-5.30487265963075,centre,4.48217224856086,-3.6155741770433,-2.65609449154069,-3.51782775143914,1.69920406256403,2.66017149563053
E2_v02022025,1,28,centralcue,valid,petal,lower_right,7,NaN,1,30,352.941176470588,4,8,5.30487265963075,-5.30487265963075,upper_right,3.79457762270894,2.92232017876239,-2.42470891216569,-4.20542237729106,-2.39383265862982,2.89146881484524
E2_v02022025,1,29,centralcue,valid,fugal,lower_left,11,NaN,1,35,411.764705882353,4,12,-8.47501820494743,-8.47501820494743,centre,11.2789069520208,-7.96877471702151,-8.08498180902612,-0.721093047979249,0.516802412443449,0.398291933611949
E2_v02022025,1,30,centralcue,valid,petal,upper_right,11,NaN,0,17,200,4,11,7.52960416350469,7.52960416350469,upper_left,6.15913614369155,4.86769799392346,3.79184294705119,-4.84086385630845,-2.6918263662495,-3.77041132519722
E2_v02022025,1,31,centralcue,valid,fugal,lower_right,11,NaN,-1,27,317.647058823529,4,10,7.11402373423676,-7.11402373423676,centre,11.2246146416368,7.60615127878651,-8.35147532286226,1.22461464163683,0.500329027181817,-1.2601164745896
E2_v02022025,1,32,centralcue,valid,petal,lower_left,11,NaN,-1,22,258.823529411765,4,10,-6.67626771403078,-6.67626771403078,upper_right,5.8784230088049,-4.32269199580991,-3.99886669264288,-4.1215769911951,2.37437616638323,2.69927744962039
E2_v02022025,2,NA,motion_flash,invalid_fixation,fugal,lower_right,7,above_trajectory,0,15,176.470588235294,4,7,NaN,NaN,NaN,NaN,NaN,NaN,NaN,NaN,NaN
E2_v02022025,2,NA,motion_flash,invalid_fixation,fugal,upper_left,7,below_trajectory,0,15,176.470588235294,4,7,NaN,NaN,NaN,NaN,NaN,NaN,NaN,NaN,NaN
E2_v02022025,2,33,motion_flash,valid,fugal,lower_left,11,above_trajectory,0,31,364.705882352941,4,11,-7.79562741124155,-7.79562741124155,centre,12.8884315252805,-9.3590221154284,-9.01909846617154,1.88843152528052,-1.59865292114225,-1.25004926998569
E2_v02022025,2,34,motion_flash,valid,fugal,lower_left,7,above_trajectory,1,19,223.529411764706,4,8,-5.74491306592023,-5.74491306592023,lower_right,9.66662012005184,-6.76243350745412,-6.97161606266854,1.66662012005184,-1.02965638153375,-1.24178939180756
E2_v02022025,2,35,motion_flash,valid,fugal,upper_right,7,below_trajectory,0,15,176.470588235294,4,7,5.05778196197291,5.05778196197291,centre,8.04233128857824,6.01111080072908,5.38207365373608,1.04233128857824,0.962211818358616,0.326995656629071
E2_v02022025,2,36,motion_flash,valid,petal,lower_left,7,below_trajectory,0,34,400,4,7,-4.61678280264094,-4.61678280264094,lower_right,6.17610247653418,-4.26433906563261,-4.48411980192076,-0.82389752346582,0.354565852177328,0.133503135481992
E2_v02022025,2,37,motion_flash,valid,fugal,upper_right,7,below_trajectory,-1,11,129.411764705882,4,6,4.36918916497228,4.36918916497228,centre,8.12754878300906,6.1256408266449,5.38245506705344,2.12754878300906,1.77084527821291,1.02055864733391
E2_v02022025,2,38,motion_flash,valid,petal,lower_right,11,above_trajectory,1,13,152.941176470588,4,12,8.20988099693041,-8.20988099693041,upper_left,8.71418819651299,6.69639787564527,-5.62722221397783,-3.28581180348701,-1.53910869474186,2.61932261175373
E2_v02022025,2,39,motion_flash,valid,petal,upper_left,7,above_trajectory,-1,38,447.058823529412,4,6,-3.9273558020264,3.9273558020264,centre,4.32584807471367,-3.33282767088863,2.76398124148158,-1.67415192528633,0.596904862089667,-1.16722941211367
E2_v02022025,2,40,motion_flash,valid,petal,lower_right,11,above_trajectory,-1,22,258.823529411765,4,10,6.67626771403078,-6.67626771403078,lower_left,5.85371035863151,4.24826653285863,-4.04194377515927,-4.14628964136849,-2.44908702441711,2.65608204943252
E2_v02022025,2,41,motion_flash,valid,fugal,lower_right,11,below_trajectory,0,31,364.705882352941,4,11,7.79562741124155,-7.79562741124155,centre,7.95612103073478,5.49399778805491,-5.78990558520955,-3.04387896926522,-2.33190423655442,2.03354195128503
E2_v02022025,2,42,motion_flash,valid,fugal,upper_left,7,below_trajectory,-1,11,129.411764705882,4,6,-4.36918916497228,4.36918916497228,lower_left,6.43251847131491,-5.4177337255724,3.48850300863863,0.43251847131491,-1.05614086098043,-0.884787508422895
E2_v02022025,2,43,motion_flash,valid,fugal,lower_right,7,below_trajectory,1,19,223.529411764706,4,8,5.74491306592023,-5.74491306592023,centre,6.4510276885613,4.87629351966304,-4.24386560339214,-1.5489723114387,-0.876073718201308,1.51224821880275
E2_v02022025,2,44,motion_flash,valid,petal,lower_right,7,below_trajectory,0,34,400,4,7,4.61678280264094,-4.61678280264094,lower_left,4.04330925651491,2.84689868988427,-2.87587861230563,-2.95669074348509,-1.77698695256304,1.74796211361519
E2_v02022025,2,45,motion_flash,valid,petal,lower_left,11,below_trajectory,0,17,200,4,11,-7.52960416350469,-7.52960416350469,centre,8.0111776238198,-5.96372459475956,-5.38779480324413,-2.9888223761802,1.58749006090477,2.16848405596473
E2_v02022025,2,46,motion_flash,valid,petal,upper_left,7,above_trajectory,-1,38,447.058823529412,4,6,-3.9273558020264,3.9273558020264,lower_right,5.14493353668921,-4.06893641727104,3.15926455623558,-0.855066463310786,-0.142272047722068,-0.771001445772723
E2_v02022025,2,47,motion_flash,valid,petal,lower_left,11,below_trajectory,-1,22,258.823529411765,4,10,-6.67626771403078,-6.67626771403078,centre,6.49183406048749,-4.62731777876658,-4.57302780382324,-3.50816593951251,2.06834499052668,2.12291337292569
E2_v02022025,2,48,motion_flash,valid,petal,upper_left,11,below_trajectory,-1,22,258.823529411765,4,10,-6.67626771403078,6.67626771403078,lower_right,7.89813247976491,-6.34352993665829,4.74389825717741,-2.10186752023509,0.337067529578933,-1.95112568989144
E2_v02022025,2,49,motion_flash,valid,petal,upper_right,7,above_trajectory,0,34,400,4,7,4.61678280264094,4.61678280264094,centre,5.48446562913735,4.41967184930673,3.26034116902476,-1.51553437086265,-0.198341209206425,-1.36267905947743
E2_v02022025,2,50,motion_flash,valid,petal,upper_right,7,below_trajectory,-1,38,447.058823529412,4,6,3.9273558020264,3.9273558020264,lower_left,5.06568974770167,3.55808024717694,3.61499927363955,-0.934310252298326,-0.370851891143027,-0.31371128992616
E2_v02022025,2,51,motion_flash,valid,fugal,upper_right,11,below_trajectory,1,35,411.764705882353,4,12,8.47501820494743,8.47501820494743,centre,9.32045944382278,6.68899621363467,6.5496515691027,-2.67954055617722,-1.8172121324953,-1.95828003408808
E2_v02022025,2,52,motion_flash,valid,petal,upper_left,11,below_trajectory,1,13,152.941176470588,4,12,-8.20988099693041,8.20988099693041,upper_right,7.4885175543318,-5.34488356307901,5.27544999745334,-4.5114824456682,2.90360426523987,-2.97345361543551
E2_v02022025,2,53,motion_flash,valid,fugal,upper_left,11,below_trajectory,1,35,411.764705882353,4,12,-8.47501820494743,8.47501820494743,centre,11.0332067929514,-8.96917101094451,6.53104104432406,-0.966793207048569,-0.505773664426212,-1.9771129533255
E2_v02022025,2,54,motion_flash,valid,petal,lower_left,7,below_trajectory,-1,38,447.058823529412,4,6,-3.9273558020264,-3.9273558020264,lower_right,4.52797182087508,-3.58184528139238,-2.77722578716971,-1.47202817912492,0.346995292325427,1.15395929452492
E2_v02022025,2,55,motion_flash,valid,petal,upper_right,11,below_trajectory,0,17,200,4,11,7.52960416350469,7.52960416350469,centre,5.68280019517571,4.29782134659756,3.73188114527408,-5.31719980482429,-3.263816580957,-3.83036779775745
E2_v02022025,2,56,motion_flash,valid,fugal,lower_left,7,above_trajectory,0,15,176.470588235294,4,7,-5.05778196197291,-5.05778196197291,upper_left,10.1186810958768,-6.72600227611983,-7.62902252582543,3.11868109587683,-1.68562264595707,-2.60168025116433
E2_v02022025,2,57,motion_flash,valid,petal,upper_right,11,above_trajectory,1,13,152.941176470588,4,12,8.20988099693041,8.20988099693041,centre,6.20941291671728,4.81917691869959,3.93414684582346,-5.79058708328272,-3.43185066462837,-4.31799956567208
E2_v02022025,2,58,motion_flash,valid,fugal,lower_left,11,below_trajectory,1,35,411.764705882353,4,12,-8.47501820494743,-8.47501820494743,upper_left,10.8003521548067,-7.12928063073367,-8.19659830041797,-1.19964784519332,1.37080849928214,0.284395522196069
E2_v02022025,2,59,motion_flash,valid,petal,lower_right,7,below_trajectory,1,30,352.941176470588,4,8,5.30487265963075,-5.30487265963075,centre,5.98832921726136,4.36611605730071,-4.11430294648577,-2.01167078273864,-0.945410631156152,1.19851931471009
E2_v02022025,2,60,motion_flash,valid,fugal,upper_left,11,below_trajectory,0,31,364.705882352941,4,11,-7.79562741124155,7.79562741124155,upper_left,6.15289148245313,-5.12489393118985,3.42313318350706,-4.84710851754687,2.70347752079678,-4.40816063215412
E2_v02022025,2,61,motion_flash,valid,fugal,upper_right,11,below_trajectory,-1,27,317.647058823529,4,10,7.11402373423676,7.11402373423675,centre,7.86078889025073,5.68838217007091,5.4610159614767,-2.13921110974927,-1.44335719248835,-1.67271977691635
E2_v02022025,2,62,motion_flash,valid,fugal,lower_right,11,above_trajectory,-1,27,317.647058823529,4,10,7.11402373423676,-7.11402373423676,lower_right,7.25026464031795,4.73052215069255,-5.51935127698996,-2.74973535968205,-2.40808905331148,1.61389395860039
E2_v02022025,2,63,motion_flash,valid,fugal,lower_right,7,above_trajectory,0,15,176.470588235294,4,7,5.05778196197291,-5.05778196197291,centre,5.59423993250292,3.83685673203361,-4.08329346931463,-1.40576006749708,-1.22817003719634,0.980644283509046
E2_v02022025,2,64,motion_flash,valid,fugal,upper_left,7,below_trajectory,0,15,176.470588235294,4,7,-5.05778196197291,5.05778196197291,lower_right,6.97379435227605,-5.34183186750887,4.50916921050055,-0.0262056477239465,-0.28640053149165,-0.552441690927304
E2_v02022025,3,65,flashbaseline,valid,fugal,lower_right,11,below_trajectory,0,31,364.705882352941,4,11,6.05484991354859,-9.16779144648083,centre,8.81439942779447,4.78899101731284,-7.43425590581478,-2.18560057220553,-1.2771043797923,1.77001863810756
E2_v02022025,3,66,flashbaseline,valid,fugal,lower_left,11,below_trajectory,1,35,411.764705882353,4,12,-6.74275009917573,-9.84534259882253,lower_right,9.70276784361035,-5.61655124226458,-7.96235875830051,-2.29723215638965,1.13928972379454,1.92865712555894
E2_v02022025,3,67,flashbaseline,valid,petal,lower_right,7,below_trajectory,1,30,352.941176470588,4,8,3.98138835036701,-7.12027723411205,centre,6.659315505802,3.75506224457643,-5.51534823841124,-1.340684494198,-0.227359958688046,1.62427704490936
E2_v02022025,3,68,flashbaseline,valid,fugal,upper_left,7,below_trajectory,1,19,223.529411764706,4,8,-3.98138835036701,7.12027723411205,lower_right,5.88086102961795,-3.87114064843532,4.44051826684136,-2.11913897038205,0.110766929856314,-2.7057158657831
E2_v02022025,3,69,flashbaseline,valid,fugal,upper_left,11,below_trajectory,-1,27,317.647058823529,4,10,-5.36519323471948,8.48764430567507,centre,8.08645778148067,-4.1684680200421,6.95360670101371,-1.91354221851933,1.20491405824917,-1.56194424531138
E2_v02022025,3,70,flashbaseline,valid,petal,upper_right,7,above_trajectory,-1,38,447.058823529412,4,6,5.74471024790289,2.59291637442202,upper_right,5.39415295039861,5.08251926234847,1.8164119117085,-0.605847049601392,-0.668115406762409,-0.777619502588293
E2_v02022025,3,71,flashbaseline,valid,petal,upper_left,11,above_trajectory,-1,22,258.823529411765,4,10,-8.48764430567507,5.36519323471948,centre,8.02082061857558,-7.0337850914111,3.89373970231313,-1.97917938142442,1.48061664025922,-1.48085513811172
E2_v02022025,3,72,flashbaseline,valid,petal,upper_right,11,above_trajectory,0,17,200,4,11,9.16779144648083,6.05484991354858,lower_left,9.5389715691891,8.71368965670721,3.94161503680151,-1.4610284308109,-0.465333632769258,-2.12866568301521
E2_v02022025,3,73,flashbaseline,valid,petal,upper_left,7,below_trajectory,1,30,352.941176470588,4,8,-3.98138835036701,7.12027723411205,centre,6.41536092021227,-3.44249585826016,5.42650507780887,-1.58463907978773,0.541148610578449,-1.71385912142221
E2_v02022025,3,74,flashbaseline,valid,petal,upper_left,7,below_trajectory,-1,38,447.058823529412,4,6,-2.59291637442202,5.74471024790289,lower_left,5.72611172585958,-2.67702064311812,5.06915672197445,-0.273888274140424,-0.0842823528125799,-0.681581501912864
E2_v02022025,3,75,flashbaseline,valid,fugal,lower_right,7,below_trajectory,1,19,223.529411764706,4,8,3.98138835036701,-7.12027723411205,centre,6.40396999910093,3.43463585724087,-5.4179244098526,-1.59603000089907,-0.549036275247848,1.72250931435822
E2_v02022025,3,76,flashbaseline,valid,fugal,upper_left,7,above_trajectory,-1,11,129.411764705882,4,6,-5.74471024790289,2.59291637442202,upper_left,3.84783668673265,-3.40971304837413,1.78738831560522,-2.15216331326735,2.34897740653428,-0.806666270442668
E2_v02022025,3,77,flashbaseline,valid,fugal,lower_left,11,below_trajectory,1,35,411.764705882353,4,12,-6.74275009917573,-9.84534259882253,centre,9.68493058688593,-5.10943355224303,-8.27084895120302,-2.31506941311407,1.65057336184156,1.61419314985853
E2_v02022025,3,78,flashbaseline,valid,petal,lower_left,11,below_trajectory,0,17,200,4,11,-6.05484991354859,-9.16779144648083,lower_left,10.0168480721454,-5.7005745050127,-8.2906318515944,-0.983151927854625,0.358026552753416,0.897784408897499
E2_v02022025,3,79,flashbaseline,valid,fugal,upper_right,11,below_trajectory,1,35,411.764705882353,4,12,6.74275009917573,9.84534259882253,centre,8.64356275590314,5.57672220528504,6.64553065547314,-3.35643724409686,-1.17948475047382,-3.26437238986735
E2_v02022025,3,80,flashbaseline,valid,fugal,lower_right,7,above_trajectory,-1,11,129.411764705882,4,6,5.74471024790289,-2.59291637442202,upper_left,6.40124506495522,5.46082530450622,-3.36024704134853,0.401245064955218,-0.286615133226937,-0.769370712232668
E2_v02022025,3,81,flashbaseline,valid,fugal,lower_left,7,below_trajectory,-1,11,129.411764705882,4,6,-2.59291637442202,-5.74471024790289,centre,4.9474836425153,-2.48866021596479,-4.28136756316917,-1.0525163574847,0.104461359454164,1.47435880088872
E2_v02022025,3,NA,flashbaseline,invalid_fixation,petal,upper_left,11,above_trajectory,1,13,152.941176470588,4,12,NaN,NaN,NaN,NaN,NaN,NaN,NaN,NaN,NaN
E2_v02022025,3,82,flashbaseline,valid,fugal,upper_right,11,below_trajectory,0,31,364.705882352941,4,11,6.05484991354859,9.16779144648083,centre,7.65006067678102,4.41622920869305,6.27130059436522,-3.34993932321898,-1.65203693664106,-2.94777192821796
E2_v02022025,3,83,flashbaseline,valid,petal,lower_right,11,below_trajectory,1,13,152.941176470588,4,12,6.74275009917573,-9.84534259882253,upper_right,11.113747501402,6.60034870078146,-9.02022449039937,-0.886252498598029,-0.144349490949696,0.847846542567385
E2_v02022025,3,84,flashbaseline,valid,petal,upper_right,11,below_trajectory,0,17,200,4,11,6.05484991354859,9.16779144648083,centre,7.34279060484891,4.86636089239171,5.525069809762,-3.65720939515109,-1.19921898603626,-3.69943200995752
E2_v02022025,3,85,flashbaseline,valid,petal,lower_left,11,above_trajectory,1,13,152.941176470588,4,12,-9.84534259882253,-6.74275009917573,upper_left,10.6476124771025,-8.8397839380213,-6.03032936264295,-1.35238752289753,1.03269249069335,0.721317723420806
E2_v02022025,3,NA,flashbaseline,invalid_fixation,fugal,upper_left,11,below_trajectory,-1,27,317.647058823529,4,10,NaN,NaN,NaN,NaN,NaN,NaN,NaN,NaN,NaN
E2_v02022025,3,86,flashbaseline,valid,petal,lower_left,7,below_trajectory,1,30,352.941176470588,4,8,-3.98138835036701,-7.12027723411205,upper_right,5.96017055671364,-3.22064173723614,-5.02562919311279,-2.03982944328636,0.763725664047166,2.11763699836789
E2_v02022025,3,87,flashbaseline,valid,fugal,lower_left,7,above_trajectory,-1,11,129.411764705882,4,6,-5.74471024790289,-2.59291637442202,centre,4.37256211587444,-3.57839559473241,-2.51938537227333,-1.62743788412556,2.17993031566447,0.0736775179639642
E2_v02022025,3,88,flashbaseline,valid,petal,upper_right,7,above_trajectory,1,30,352.941176470588,4,8,7.12027723411205,3.98138835036701,upper_right,6.54723079406746,6.1787037531801,2.18248550173991,-1.45276920593254,-0.954304269500397,-1.80367123785275
E2_v02022025,3,89,flashbaseline,valid,fugal,lower_right,11,below_trajectory,-1,27,317.647058823529,4,10,5.36519323471948,-8.48764430567507,centre,7.47913998063615,4.32613549574528,-6.12411915302274,-2.52086001936385,-1.04643817546013,2.40132521996496
E2_v02022025,3,90,flashbaseline,valid,petal,lower_right,7,above_trajectory,0,34,400,4,7,6.43342465455161,-3.28763554154348,upper_left,7.26798950786338,6.36576490608847,-3.53623066618646,0.267989507863377,-0.0685108869191916,-0.249477584681498
E2_v02022025,3,91,flashbaseline,valid,petal,lower_left,7,below_trajectory,-1,38,447.058823529412,4,6,-2.59291637442202,-5.74471024790289,centre,3.9222941934175,-1.6111132699331,-3.57801229461063,-2.0777058065825,0.983053420080716,2.18031455776898
E2_v02022025,3,92,flashbaseline,valid,fugal,upper_right,7,above_trajectory,0,15,176.470588235294,4,7,6.43342465455161,3.28763554154348,lower_left,5.99253715801971,5.55061123985722,2.27277661494146,-1.00746284198029,-0.892485697312936,-1.01717213389008
E2_v02022025,3,93,flashbaseline,valid,fugal,upper_right,7,below_trajectory,0,15,176.470588235294,4,7,3.28763554154348,6.43342465455161,centre,4.21833015037467,2.44948356673481,3.43847002026693,-2.78166984962533,-0.840211253931378,-3.01520838110162
E2_v02022025,3,94,flashbaseline,valid,petal,lower_right,11,below_trajectory,-1,22,258.823529411765,4,10,5.36519323471948,-8.48764430567507,upper_right,7.7825886594913,4.89787686908596,-6.07751370864881,-2.2174113405087,-0.471077086656041,2.44837871034758
E2_v02022025,3,95,flashbaseline,valid,petal,upper_left,11,above_trajectory,1,13,152.941176470588,4,12,-9.84534259882253,6.74275009917573,centre,9.66868634575729,-8.92167087155637,3.78743708980091,-2.33131365424271,0.948831413623655,-2.97840204032957
E2_v02022025,3,96,flashbaseline,valid,fugal,upper_left,11,below_trajectory,-1,27,317.647058823529,4,10,-5.36519323471948,8.48764430567507,upper_right,7.43161289011886,-3.68225799513052,6.47292173850705,-2.56838710988114,1.69310100551797,-2.04880547737514
E2_v02022025,4,97,flash_motion,valid,fugal,lower_right,11,below_trajectory,1,35,411.764705882353,4,12,6.74275009917573,-9.84534259882253,centre,9.80061385378182,4.8705631935931,-8.54536901753296,-2.19938614621818,-1.8910349196411,1.33386089272362
E2_v02022025,4,98,flash_motion,valid,petal,lower_right,11,above_trajectory,-1,22,258.823529411765,4,10,8.48764430567507,-5.36519323471948,upper_right,8.45928417318384,7.07320073962005,-4.68733291468176,-1.54071582681616,-1.44062355201527,0.683079562700383
E2_v02022025,4,99,flash_motion,valid,fugal,upper_left,7,below_trajectory,1,19,223.529411764706,4,8,-3.98138835036701,7.12027723411205,centre,6.09310344908341,-2.96089062704093,5.33477470511049,-1.90689655091659,1.0241706983821,-1.80631594635721
E2_v02022025,4,100,flash_motion,valid,petal,upper_left,7,above_trajectory,0,34,400,4,7,-6.43342465455161,3.28763554154348,lower_right,6.89704505574191,-6.47824040283284,2.38706506794101,-0.102954944258089,-0.0453895624435678,-0.90272661357214
E2_v02022025,4,101,flash_motion,valid,petal,lower_left,11,below_trajectory,-1,22,258.823529411765,4,10,-5.36519323471948,-8.48764430567507,centre,9.55352423494878,-5.34335771909455,-7.96518935310931,-0.446475765051224,0.022027316841583,0.533363468103283
E2_v02022025,4,102,flash_motion,valid,fugal,lower_left,7,above_trajectory,-1,11,129.411764705882,4,6,-5.74471024790289,-2.59291637442202,lower_left,7.736401260685,-7.01540146512671,-3.29409281190386,1.736401260685,-1.28641680977836,-0.703003857414035
E2_v02022025,4,103,flash_motion,valid,fugal,upper_right,11,above_trajectory,0,31,364.705882352941,4,11,9.16779144648083,6.05484991354858,centre,9.01358998380255,7.96877471702151,4.26701775579558,-1.98641001619745,-1.22609661137562,-1.80197214037041
E2_v02022025,4,104,flash_motion,valid,fugal,upper_right,7,below_trajectory,-1,11,129.411764705882,4,6,2.59291637442202,5.74471024790289,upper_right,6.06654653232497,2.63862349133334,5.4703580043503,0.0665465323249688,0.0458025080671065,-0.276995392018865
E2_v02022025,4,105,flash_motion,valid,petal,lower_right,7,below_trajectory,0,34,400,4,7,3.28763554154348,-6.43342465455161,centre,5.92808228041459,2.8983322423612,-5.18004892354426,-1.07191771958541,-0.39043546200052,1.26618391317703
E2_v02022025,4,106,flash_motion,valid,petal,upper_right,11,above_trajectory,0,17,200,4,11,9.16779144648083,6.05484991354858,lower_left,9.48407511252841,8.68492594721331,3.86941694218048,-1.51592488747159,-0.494768685991161,-2.2010967718472
E2_v02022025,4,107,flash_motion,valid,fugal,upper_right,11,below_trajectory,-1,27,317.647058823529,4,10,5.36519323471948,8.48764430567507,centre,8.50630036658265,4.56614538626149,7.20712553208908,-1.49369963341735,-0.805040216015542,-1.30467524174385
E2_v02022025,4,108,flash_motion,valid,fugal,upper_left,11,above_trajectory,1,35,411.764705882353,4,12,-9.84534259882253,6.74275009917573,upper_right,9.26085140463482,-7.87723399628444,4.9312996582378,-2.73914859536518,2.01532652583599,-1.82991637948695
E2_v02022025,4,109,flash_motion,valid,petal,lower_left,11,above_trajectory,1,13,152.941176470588,4,12,-9.84534259882253,-6.74275009917573,centre,9.57506489794521,-8.11138321073898,-5.15638497880346,-2.42493510205479,1.77682050399006,1.60328124437116
E2_v02022025,4,110,flash_motion,valid,petal,upper_left,11,above_trajectory,1,13,152.941176470588,4,12,-9.84534259882253,6.74275009917573,upper_right,9.41510621461801,-8.33038003758359,4.44969796735717,-2.58489378538199,1.55344136590004,-2.31412636426511
E2_v02022025,4,111,flash_motion,valid,fugal,lower_left,7,below_trajectory,1,19,223.529411764706,4,8,-3.98138835036701,-7.12027723411205,centre,8.56267806941081,-4.60801137755247,-7.24802601920501,0.562678069410815,-0.630137917935844,-0.12977831657015
E2_v02022025,4,112,flash_motion,valid,petal,upper_right,11,below_trajectory,0,17,200,4,11,6.05484991354859,9.16779144648083,lower_left,9.41799205426733,5.31169474428664,7.821534757688,-1.58200794573267,-0.750483227091204,-1.37609074500528
E2_v02022025,4,113,flash_motion,valid,petal,lower_left,7,below_trajectory,1,30,352.941176470588,4,8,-3.98138835036701,-7.12027723411205,centre,7.74520437763942,-3.62994652491432,-6.8601254915014,-0.25479562236058,0.352993545566928,0.264061325187676
E2_v02022025,4,114,flash_motion,valid,fugal,lower_right,7,above_trajectory,-1,11,129.411764705882,4,6,5.74471024790289,-2.59291637442202,upper_right,6.54841092091097,5.70667047831607,-3.2331080776089,0.54841092091097,-0.0384221904392403,-0.641829255347361
E2_v02022025,4,115,flash_motion,valid,petal,upper_left,11,below_trajectory,-1,22,258.823529411765,4,10,-5.36519323471948,8.48764430567507,centre,6.80901150158055,-3.22582010036912,6.00901760796314,-3.19098849841945,2.15068647929442,-2.51751252021168
E2_v02022025,4,116,flash_motion,valid,petal,lower_right,11,below_trajectory,1,13,152.941176470588,4,12,6.74275009917573,-9.84534259882253,upper_right,9.8131654484377,6.14827469646218,-7.70687979595655,-2.1868345515623,-0.602045998098399,2.18863725464651
E2_v02022025,4,117,flash_motion,valid,petal,upper_left,7,below_trajectory,0,34,400,4,7,-3.28763554154348,6.43342465455161,centre,6.44639192480608,-3.09653725153918,5.66494857599438,-0.55360807519392,0.191692128571343,-0.777070552136412
E2_v02022025,4,118,flash_motion,valid,fugal,upper_left,7,above_trajectory,-1,11,129.411764705882,4,6,-5.74471024790289,2.59291637442202,upper_right,6.14233477592383,-5.67314102464646,2.36997100697688,0.142334775923826,0.0722844661351712,-0.22336322161728
E2_v02022025,4,119,flash_motion,valid,fugal,lower_left,11,below_trajectory,1,35,411.764705882353,4,12,-6.74275009917573,-9.84534259882253,centre,8.81919860980039,-5.11382361232919,-7.22322151470623,-3.18080139019961,1.64615183543951,2.67971227488557
E2_v02022025,4,120,flash_motion,valid,petal,lower_left,7,below_trajectory,1,30,352.941176470588,4,8,-3.98138835036701,-7.12027723411205,upper_right,7.42527486106534,-4.74905747410877,-5.73410075215763,-0.574725138934662,-0.772107399811958,1.40355688796949
E2_v02022025,4,121,flash_motion,valid,fugal,lower_right,11,above_trajectory,-1,27,317.647058823529,4,10,8.48764430567507,-5.36519323471948,centre,10.1141455530772,8.24428021872583,-5.94031392509308,0.11414555307717,-0.248626085789969,-0.580740361187718
E2_v02022025,4,122,flash_motion,valid,fugal,lower_left,11,below_trajectory,-1,27,317.647058823529,4,10,-5.36519323471948,-8.48764430567507,upper_right,8.27342677555294,-4.18684034751664,-7.16110365805495,-1.72657322444706,1.18645175107867,1.35140319892558
E2_v02022025,4,123,flash_motion,valid,fugal,lower_right,7,above_trajectory,1,19,223.529411764706,4,8,7.12027723411205,-3.98138835036701,centre,7.96279823727849,6.20551645985693,-5.02887486804468,-0.0372017627215113,-0.927183256243461,-1.0539005022677
E2_v02022025,4,124,flash_motion,valid,fugal,upper_right,7,above_trajectory,1,19,223.529411764706,4,8,7.12027723411205,3.98138835036701,upper_right,8.45189796995136,7.64905648500712,3.63837808955655,0.451897969951355,0.537649652336156,-0.344528282172374
E2_v02022025,4,125,flash_motion,valid,fugal,upper_left,11,above_trajectory,0,31,364.705882352941,4,11,-9.16779144648083,6.05484991354858,centre,10.9407722064848,-9.56250957492498,5.41563619054645,-0.0592277935152055,-0.405449409393719,-0.645641104378421
E2_v02022025,4,126,flash_motion,valid,petal,upper_right,7,above_trajectory,1,30,352.941176470588,4,8,7.12027723411205,3.98138835036701,upper_right,6.69023125149142,6.07351857973767,2.82674622795782,-1.30976874850858,-1.06066825671518,-1.15860908100476
E2_v02022025,4,127,flash_motion,valid,petal,lower_right,7,below_trajectory,-1,38,447.058823529412,4,6,2.59291637442202,-5.74471024790289,centre,6.01579181665623,3.24039595011798,-5.0792741248819,0.0157918166562263,0.64913950764822,0.671385750999146
E2_v02022025,4,128,flash_motion,valid,petal,upper_right,7,below_trajectory,0,34,400,4,7,3.28763554154348,6.43342465455161,upper_left,7.29345378674103,4.14339606342018,6.02309877615841,0.293453786741033,0.859321071898641,-0.415207512163371
E2_v02022025,5,129,centralcue,valid,petal,upper_right,7,NaN,1,30,352.941176470588,4,8,5.30487265963075,5.30487265963075,centre,4.27052484870794,3.26436847316439,2.75937437361397,-3.72947515129206,-2.05130135568429,-2.55687500683246
E2_v02022025,5,130,centralcue,valid,fugal,upper_right,11,NaN,-1,27,317.647058823529,4,10,7.11402373423676,7.11402373423675,lower_left,8.56303752375163,7.08040094955556,4.86521480113548,-1.43696247624837,-0.0341440033129457,-2.27267367718745
E2_v02022025,5,131,centralcue,valid,fugal,upper_left,7,NaN,0,15,176.470588235294,4,7,-5.05778196197291,5.05778196197291,centre,8.37438203156349,-6.47311169273409,5.35842509501872,1.37438203156349,-1.42953631339433,0.303138843000403
E2_v02022025,5,132,centralcue,valid,fugal,lower_left,7,NaN,0,15,176.470588235294,4,7,-5.05778196197291,-5.05778196197291,upper_left,9.06843580479518,-6.31292996299138,-6.56294395151964,2.06843580479518,-1.26743348618815,-1.52048094838886
E2_v02022025,5,133,centralcue,valid,fugal,upper_right,7,NaN,1,19,223.529411764706,4,8,5.74491306592023,5.74491306592023,centre,9.37643968856681,7.32109818788973,5.92223115059989,1.37643968856681,1.59654755699316,0.179168559167553
E2_v02022025,5,134,centralcue,valid,fugal,upper_right,11,NaN,1,35,411.764705882353,4,12,8.47501820494743,8.47501820494743,lower_right,8.72673742567851,6.51299890814875,5.85845615118678,-3.27326257432149,-1.99536894671105,-2.65650982453581
E2_v02022025,5,135,centralcue,valid,petal,upper_left,7,NaN,0,34,400,4,7,-4.61678280264094,4.61678280264094,centre,3.31197572435117,-2.63977544056906,2.00302417010155,-3.68802427564883,1.98436217368763,-2.62113018453643
E2_v02022025,5,136,centralcue,valid,petal,lower_right,7,NaN,-1,38,447.058823529412,4,6,3.9273558020264,-3.9273558020264,upper_left,3.29257195431082,2.26374800443755,-2.3934032073714,-2.70742804568918,-1.66812007593741,1.53835214185663
E2_v02022025,5,137,centralcue,valid,fugal,lower_right,11,NaN,-1,27,317.647058823529,4,10,7.11402373423676,-7.11402373423676,centre,10.7277571160692,7.74787565328574,-7.51048154008888,0.727757116069192,0.644614155084059,-0.402980963700618
E2_v02022025,5,138,centralcue,valid,fugal,lower_right,7,NaN,0,15,176.470588235294,4,7,5.05778196197291,-5.05778196197291,upper_right,8.12227693748764,6.16463074831255,-5.32943404185954,1.12227693748764,1.11742696992858,-0.273894864393002
E2_v02022025,5,139,centralcue,valid,petal,upper_left,7,NaN,1,30,352.941176470588,4,8,-5.30487265963075,5.30487265963075,centre,2.42932734758703,-1.74529286424804,1.69089276079361,-5.57067265241297,3.56962483754415,-3.62385960030166
E2_v02022025,5,140,centralcue,valid,fugal,upper_left,11,NaN,-1,27,317.647058823529,4,10,-7.11402373423675,7.11402373423675,lower_right,8.16920045083953,-6.67988616790879,4.74542692208813,-1.83079954916047,0.44048302856359,-2.3931082232751
E2_v02022025,5,141,centralcue,valid,petal,lower_right,11,NaN,-1,22,258.823529411765,4,10,6.67626771403078,-6.67626771403078,centre,4.44109661873076,2.89622125515211,-3.37251814934325,-5.55890338126924,-3.80236609640778,3.32648747945849
E2_v02022025,5,142,centralcue,valid,petal,upper_left,11,NaN,-1,22,258.823529411765,4,10,-6.67626771403078,6.67626771403078,lower_left,4.33994580362964,-3.3596718255801,2.75361573857425,-5.66005419637036,3.33933467414795,-3.94466646135631
E2_v02022025,5,143,centralcue,valid,fugal,upper_left,7,NaN,-1,11,129.411764705882,4,6,-4.36918916497228,4.36918916497228,centre,9.54488012720035,-7.18629373954965,6.34790106527443,3.54488012720035,-2.84419912346302,1.99551709508284
E2_v02022025,5,144,centralcue,valid,fugal,lower_left,7,NaN,-1,11,129.411764705882,4,6,-4.36918916497228,-4.36918916497228,upper_right,6.47575845190261,-4.60036498790882,-4.57723366057589,0.475758451902606,-0.232597048983949,-0.209317058581402
E2_v02022025,5,145,centralcue,valid,fugal,upper_right,7,NaN,1,19,223.529411764706,4,8,5.74491306592023,5.74491306592023,centre,9.60384812643907,6.66166505899604,6.98014632996912,1.60384812643907,0.927522084998029,1.25044327366288
E2_v02022025,5,146,centralcue,valid,petal,upper_right,7,NaN,0,34,400,4,7,4.61678280264094,4.61678280264094,upper_left,2.84664572500177,2.00436932002256,2.02300902644958,-4.15335427499823,-2.61978620337803,-2.60116216814229
E2_v02022025,5,147,centralcue,valid,fugal,upper_left,11,NaN,1,35,411.764705882353,4,12,-8.47501820494743,8.47501820494743,centre,10.5041096880661,-7.80397224710312,7.11810363646836,-1.49589031193389,0.684748570872661,-1.3821535181046
E2_v02022025,5,148,centralcue,valid,petal,lower_left,11,NaN,1,13,152.941176470588,4,12,-8.20988099693041,-8.20988099693041,upper_left,4.55793552035152,-3.31959679786447,-3.13029966958228,-7.44206447964848,4.93100780693306,5.11944887203136
E2_v02022025,5,149,centralcue,valid,fugal,lower_right,7,NaN,0,15,176.470588235294,4,7,5.05778196197291,-5.05778196197291,centre,9.7832588095188,6.61857435015821,-7.26866280045182,2.7832588095188,1.5768128169482,-2.23581328810373
E2_v02022025,5,150,centralcue,valid,petal,upper_right,11,NaN,0,17,200,4,11,7.52960416350469,7.52960416350469,upper_left,5.68430069046218,4.33091808259449,3.69567020596446,-5.31569930953782,-3.23063827053071,-3.86656748711391
E2_v02022025,5,151,centralcue,valid,fugal,lower_left,11,NaN,-1,27,317.647058823529,4,10,-7.11402373423675,-7.11402373423676,centre,7.58459769817041,-4.71427904097535,-5.96829229754197,-2.41540230182959,2.42441394162982,1.16067656022341
E2_v02022025,5,152,centralcue,valid,petal,lower_right,11,NaN,-1,22,258.823529411765,4,10,6.67626771403078,-6.67626771403078,upper_left,3.78006125556584,2.63305570661738,-2.7159912914416,-6.21993874443416,-4.0649039446691,3.98219659528404
E2_v02022025,5,153,centralcue,valid,petal,lower_left,7,NaN,0,34,400,4,7,-4.61678280264094,-4.61678280264094,centre,4.2763965855636,-3.00598202158481,-3.04723258758876,-2.7236034144364,1.61762781635731,1.57629405741459
E2_v02022025,5,154,centralcue,valid,petal,upper_left,11,NaN,1,13,152.941176470588,4,12,-8.20988099693041,8.20988099693041,lower_right,4.92193732955583,-4.1472239461134,2.65993420566596,-7.07806267044417,4.10501410057449,-5.58691281972524
E2_v02022025,5,155,centralcue,valid,petal,lower_left,7,NaN,1,30,352.941176470588,4,8,-5.30487265963075,-5.30487265963075,centre,5.59196608038458,-3.56325499640811,-4.32077892676948,-2.40803391961542,1.75168149643774,0.990996285611709
E2_v02022025,5,156,centralcue,valid,petal,lower_right,7,NaN,1,30,352.941176470588,4,8,5.30487265963075,-5.30487265963075,lower_left,4.5336222314805,2.95091245875314,-3.44786358930534,-3.4663777685195,-2.36521455374071,1.86739045308619
E2_v02022025,5,157,centralcue,valid,fugal,lower_left,11,NaN,1,35,411.764705882353,4,12,-8.47501820494743,-8.47501820494743,centre,12.3466501170201,-8.89782226220026,-8.69752236380863,0.346650117020127,-0.432666775635545,-0.227575958739202
E2_v02022025,5,158,centralcue,valid,petal,upper_right,11,NaN,0,17,200,4,11,7.52960416350469,7.52960416350469,upper_right,4.08507212443592,3.1669371036996,2.58563153388646,-6.91492787556408,-4.39444845032893,-4.97333543784649
E2_v02022025,5,159,centralcue,valid,fugal,lower_right,11,NaN,-1,27,317.647058823529,4,10,7.11402373423676,-7.11402373423676,centre,10.9004089544625,7.84891421516804,-7.65869479529943,0.900408954462522,0.747532657095275,-0.553811552289547
E2_v02022025,5,160,centralcue,valid,petal,lower_left,11,NaN,-1,22,258.823529411765,4,10,-6.67626771403078,-6.67626771403078,upper_right,4.11595567467642,-2.51516074885829,-3.26225893692548,-5.88404432532358,4.18242631992356,3.43673222664175
E2_v02022025,6,161,motion_flash,valid,fugal,lower_right,7,above_trajectory,0,15,176.470588235294,4,7,5.05778196197291,-5.05778196197291,centre,6.22974059014382,4.24826653285863,-4.57321898020196,-0.770259409856178,-0.814836761392065,0.487993185555079
E2_v02022025,6,162,motion_flash,valid,fugal,upper_left,7,below_trajectory,0,15,176.470588235294,4,7,-5.05778196197291,5.05778196197291,upper_right,8.02277103415298,-6.58743805378317,4.61986295632995,1.02277103415298,-1.54528271999763,-0.441050801013663
E2_v02022025,6,163,motion_flash,valid,fugal,lower_left,11,above_trajectory,0,31,364.705882352941,4,11,-7.79562741124155,-7.79562741124155,centre,9.77995883149767,-6.91246435334751,-6.985643448589,-1.22004116850233,0.897819039677396,0.823569608792914
E2_v02022025,6,164,motion_flash,valid,fugal,lower_left,7,above_trajectory,1,19,223.529411764706,4,8,-5.74491306592023,-5.74491306592023,lower_left,7.66906320928445,-5.75295753645291,-5.10542518397648,-0.330936790715548,-0.00812600637940844,0.645235346078973
E2_v02022025,6,165,motion_flash,valid,fugal,upper_right,7,below_trajectory,0,15,176.470588235294,4,7,5.05778196197291,5.05778196197291,centre,7.44531906057758,5.82323086674846,4.67127891465263,0.445319060577575,0.772357214183525,-0.389298062176567
E2_v02022025,6,166,motion_flash,valid,petal,lower_left,7,below_trajectory,0,34,400,4,7,-4.61678280264094,-4.61678280264094,lower_right,4.50023880213214,-3.37194294806656,-2.98717840049245,-2.49976119786786,1.25076083169104,1.63646776424489
E2_v02022025,6,167,motion_flash,valid,fugal,upper_right,7,below_trajectory,-1,11,129.411764705882,4,6,4.36918916497228,4.36918916497228,centre,5.54847993311684,4.17440084484975,3.66807893285942,-0.451520066883155,-0.195874549693208,-0.704544022252161
E2_v02022025,6,168,motion_flash,valid,petal,lower_right,11,above_trajectory,1,13,152.941176470588,4,12,8.20988099693041,-8.20988099693041,upper_left,6.44623968597095,4.75994890071621,-4.36707247804597,-5.55376031402905,-3.49127705914733,3.88502040400408
E2_v02022025,6,169,motion_flash,valid,petal,upper_left,7,above_trajectory,-1,38,447.058823529412,4,6,-3.9273558020264,3.9273558020264,centre,4.12444602394119,-3.28661395123443,2.49730181170303,-1.87555397605881,0.643267703185028,-1.4343340844119
E2_v02022025,6,170,motion_flash,valid,petal,lower_right,11,above_trajectory,-1,22,258.823529411765,4,10,6.67626771403078,-6.67626771403078,upper_left,6.29540035508941,4.29839530298365,-4.61680452227536,-3.70459964491059,-2.39876852964731,2.07891310724151
E2_v02022025,6,171,motion_flash,valid,fugal,lower_right,11,below_trajectory,0,31,364.705882352941,4,11,7.79562741124155,-7.79562741124155,centre,8.95021317998659,6.86695295389644,-5.79542833278061,-2.04978682001341,-0.943982984368938,2.02796937272345
E2_v02022025,6,NA,motion_flash,invalid_fixation,fugal,upper_left,7,below_trajectory,-1,11,129.411764705882,4,6,NaN,NaN,NaN,NaN,NaN,NaN,NaN,NaN,NaN
E2_v02022025,6,172,motion_flash,valid,fugal,lower_right,7,below_trajectory,1,19,223.529411764706,4,8,5.74491306592023,-5.74491306592023,centre,7.38128813406635,5.02658380674461,-5.43298808725887,-0.618711865933649,-0.724684962306772,0.314909547643133
E2_v02022025,6,173,motion_flash,valid,petal,lower_right,7,below_trajectory,0,34,400,4,7,4.61678280264094,-4.61678280264094,upper_right,4.00161561569165,3.1855425586101,-2.42682151512302,-2.99838438430835,-1.43767004313928,2.19744891789904
E2_v02022025,6,174,motion_flash,valid,petal,lower_left,11,below_trajectory,0,17,200,4,11,-7.52960416350469,-7.52960416350469,centre,5.86743286793362,-4.2651044075854,-4.04424109143375,-5.13256713206638,3.29660917394285,3.51785364265586
E2_v02022025,6,175,motion_flash,valid,petal,upper_left,7,above_trajectory,-1,38,447.058823529412,4,6,-3.9273558020264,3.9273558020264,lower_left,4.7211665483597,-3.57954549317337,3.0863697369509,-1.2788334516403,0.349304000827426,-0.844098714966859
E2_v02022025,6,176,motion_flash,valid,petal,lower_left,11,below_trajectory,-1,22,258.823529411765,4,10,-6.67626771403078,-6.67626771403078,centre,5.93875637535801,-4.05362166429571,-4.35463881834894,-4.06124362464199,2.64437077380281,2.3422998596382
E2_v02022025,6,177,motion_flash,valid,petal,upper_left,11,below_trajectory,-1,22,258.823529411765,4,10,-6.67626771403078,6.67626771403078,lower_left,6.80315706200219,-5.66247174342641,3.79548253438799,-3.19684293799781,1.02555961336115,-2.90311747436585
E2_v02022025,6,178,motion_flash,valid,petal,upper_right,7,above_trajectory,0,34,400,4,7,4.61678280264094,4.61678280264094,centre,5.09969294197854,3.63818646483838,3.58318681918369,-1.90030705802146,-0.983620032164482,-1.0388214799618
E2_v02022025,6,179,motion_flash,valid,petal,upper_right,7,below_trajectory,-1,38,447.058823529412,4,6,3.9273558020264,3.9273558020264,lower_right,4.3305845268911,3.00886006976342,3.12032463513223,-1.6694154731089,-0.921809634636679,-0.810051103841204
E2_v02022025,6,180,motion_flash,valid,fugal,upper_right,11,below_trajectory,1,35,411.764705882353,4,12,8.47501820494743,8.47501820494743,centre,8.79647465680591,6.36918549990692,6.11727151443374,-3.20352534319409,-2.14082559980736,-2.39535521724109
E2_v02022025,6,181,motion_flash,valid,petal,upper_left,11,below_trajectory,1,13,152.941176470588,4,12,-8.20988099693041,8.20988099693041,lower_right,6.93396489989534,-5.64684815669946,4.05017576483847,-5.06603510010466,2.59954654164723,-4.2020488830292
E2_v02022025,6,182,motion_flash,valid,fugal,upper_left,11,below_trajectory,1,35,411.764705882353,4,12,-8.47501820494743,8.47501820494743,centre,8.97824052127823,-7.03188993943303,5.63846442121936,-3.02175947872177,1.46964105679079,-2.87821293830526
E2_v02022025,6,183,motion_flash,valid,petal,lower_left,7,below_trajectory,-1,38,447.058823529412,4,6,-3.9273558020264,-3.9273558020264,upper_right,4.73138613588507,-3.26494379969213,-3.43176021475789,-1.26861386411493,0.665006010329865,0.497635813119031
E2_v02022025,6,184,motion_flash,valid,petal,upper_right,11,below_trajectory,0,17,200,4,11,7.52960416350469,7.52960416350469,centre,5.90734615186777,4.29896925850545,4.06683067322128,-5.09265384813223,-3.26266592466067,-3.49523543364844
E2_v02022025,6,185,motion_flash,valid,fugal,lower_left,7,above_trajectory,0,15,176.470588235294,4,7,-5.05778196197291,-5.05778196197291,lower_right,7.98887006160616,-6.3826773974032,-4.84439346474758,0.988870061606157,-1.33800758941145,0.21498911615165
E2_v02022025,6,186,motion_flash,valid,petal,upper_right,11,above_trajectory,1,13,152.941176470588,4,12,8.20988099693041,8.20988099693041,centre,6.08322940858491,4.54243827177186,4.06319345303619,-5.91677059141509,-3.70936400071213,-4.18903574581963
E2_v02022025,6,187,motion_flash,valid,fugal,lower_left,11,below_trajectory,1,35,411.764705882353,4,12,-8.47501820494743,-8.47501820494743,upper_left,9.40526505758094,-6.55041115290216,-6.80796481907945,-2.59473494241906,1.95751133448751,1.69669110289698
E2_v02022025,6,188,motion_flash,valid,petal,lower_right,7,below_trajectory,1,30,352.941176470588,4,8,5.30487265963075,-5.30487265963075,centre,5.4082789567435,3.90331520701695,-3.75506224457643,-2.5917210432565,-1.41043341371182,1.55925053510857
E2_v02022025,6,189,motion_flash,valid,fugal,upper_left,11,below_trajectory,0,31,364.705882352941,4,11,-7.79562741124155,7.79562741124155,upper_left,7.06229699604922,-5.60187801802913,4.32804853773672,-3.93770300395078,2.22317814460896,-3.50341866353587
E2_v02022025,6,190,motion_flash,valid,fugal,upper_right,11,below_trajectory,-1,27,317.647058823529,4,10,7.11402373423676,7.11402373423675,centre,7.46059105470813,5.27048985997358,5.31016873545143,-2.53940894529187,-1.86474356693245,-1.82476594839238
E2_v02022025,6,191,motion_flash,valid,fugal,lower_right,11,above_trajectory,-1,27,317.647058823529,4,10,7.11402373423676,-7.11402373423676,upper_right,8.02083221305101,5.99017814925047,-5.37291959067025,-1.97916778694899,-1.13855952688886,1.76152850528064
E2_v02022025,6,192,motion_flash,valid,fugal,upper_left,7,below_trajectory,-1,11,129.411764705882,4,6,-4.36918916497228,4.36918916497228,centre,6.81150952802547,-5.04624822433713,4.59883569026479,0.81150952802547,-0.681626551868706,0.231057878351401
E2_v02022025,7,193,flashbaseline,valid,fugal,lower_right,11,below_trajectory,0,31,364.705882352941,4,11,6.05484991354859,-9.16779144648083,centre,8.69290700420295,4.5581157322205,-7.43312083220032,-2.30709299579705,-1.50938522904457,1.77117193290827
E2_v02022025,7,194,flashbaseline,valid,fugal,lower_left,11,below_trajectory,1,35,411.764705882353,4,12,-6.74275009917573,-9.84534259882253,lower_right,10.9916467544161,-6.02100567570147,-9.26309230220305,-1.00835324558392,0.73074378415987,0.59872931343324
E2_v02022025,7,195,flashbaseline,valid,petal,lower_right,7,below_trajectory,1,30,352.941176470588,4,8,3.98138835036701,-7.12027723411205,centre,6.62293355566708,3.04262802923566,-5.89367699198071,-1.37706644433292,-0.942232667319527,1.24241217888863
E2_v02022025,7,196,flashbaseline,valid,fugal,upper_left,7,below_trajectory,1,19,223.529411764706,4,8,-3.98138835036701,7.12027723411205,lower_right,6.48632705109805,-4.45600887871292,4.73243305472427,-1.51367294890195,-0.477194705688691,-2.41250822170068
E2_v02022025,7,NA,flashbaseline,invalid_fixation,fugal,upper_left,11,below_trajectory,-1,27,317.647058823529,4,10,NaN,NaN,NaN,NaN,NaN,NaN,NaN,NaN,NaN
E2_v02022025,7,197,flashbaseline,valid,petal,upper_right,7,above_trajectory,-1,38,447.058823529412,4,6,5.74471024790289,2.59291637442202,lower_right,5.5820559823801,5.29910494557498,1.76470698513662,-0.417944017619897,-0.449763043718724,-0.82936478128616
E2_v02022025,7,198,flashbaseline,valid,petal,upper_left,11,above_trajectory,-1,22,258.823529411765,4,10,-8.48764430567507,5.36519323471948,centre,7.0967128312699,-6.46494353198083,2.95206379501805,-2.9032871687301,2.05687588657853,-2.42480252164456
E2_v02022025,7,199,flashbaseline,valid,petal,upper_right,11,above_trajectory,0,17,200,4,11,9.16779144648083,6.05484991354858,lower_right,8.5820217212888,7.98953085170404,3.17441772801271,-2.4179782787112,-1.20494219273002,-2.89734854808917
E2_v02022025,7,200,flashbaseline,valid,petal,upper_left,7,below_trajectory,1,30,352.941176470588,4,8,-3.98138835036701,7.12027723411205,centre,6.67235157415747,-4.28060225367726,5.13729986707989,-1.32764842584253,-0.300772654695547,-2.00522897432901
E2_v02022025,7,201,flashbaseline,valid,petal,upper_left,7,below_trajectory,-1,38,447.058823529412,4,6,-2.59291637442202,5.74471024790289,upper_left,4.97645776857091,-2.67759658216368,4.20081039444756,-1.02354223142909,-0.0848595499917411,-1.55530236133962
E2_v02022025,7,202,flashbaseline,valid,fugal,lower_right,7,below_trajectory,1,19,223.529411764706,4,8,3.98138835036701,-7.12027723411205,centre,5.21597800497437,2.92615815365431,-4.32537027624251,-2.78402199502563,-1.05898349572398,2.82127107535204
E2_v02022025,7,203,flashbaseline,valid,fugal,upper_left,7,above_trajectory,-1,11,129.411764705882,4,6,-5.74471024790289,2.59291637442202,upper_right,4.78502258005205,-4.47455850549015,1.70242660967745,-1.21497741994795,1.28014777319831,-0.891688145844044
E2_v02022025,7,204,flashbaseline,valid,fugal,lower_left,11,below_trajectory,1,35,411.764705882353,4,12,-6.74275009917573,-9.84534259882253,centre,9.17633387616905,-5.35880653793569,-7.49232598836475,-2.82366612383095,1.39928573316397,2.40665941366687
E2_v02022025,7,205,flashbaseline,valid,petal,lower_left,11,below_trajectory,0,17,200,4,11,-6.05484991354859,-9.16779144648083,upper_left,10.2482433479356,-5.48599097426232,-8.70880201783719,-0.751756652064447,0.574653756530762,0.470335685708883
E2_v02022025,7,206,flashbaseline,valid,fugal,upper_right,11,below_trajectory,1,35,411.764705882353,4,12,6.74275009917573,9.84534259882253,centre,8.46039515104133,4.62100986229906,7.11753530016992,-3.53960484895867,-2.14199711786288,-2.78682701867629
E2_v02022025,7,207,flashbaseline,valid,fugal,lower_right,7,above_trajectory,-1,11,129.411764705882,4,6,5.74471024790289,-2.59291637442202,upper_left,4.29585510933428,3.72038593104037,-2.15385901221418,-1.70414489066572,-2.03755540676676,0.439805128698955
E2_v02022025,7,NA,flashbaseline,invalid_fixation,fugal,lower_left,7,below_trajectory,-1,11,129.411764705882,4,6,NaN,NaN,NaN,NaN,NaN,NaN,NaN,NaN,NaN
E2_v02022025,7,208,flashbaseline,valid,petal,upper_left,11,above_trajectory,1,13,152.941176470588,4,12,-9.84534259882253,6.74275009917573,upper_right,9.22491561807797,-8.46331743270616,3.72421770248966,-2.77508438192203,1.41769869352372,-3.04171878716375
E2_v02022025,7,209,flashbaseline,valid,fugal,upper_right,11,below_trajectory,0,31,364.705882352941,4,11,6.05484991354859,9.16779144648083,centre,7.68845205649983,4.8938659093799,5.9585858381913,-3.31154794350017,-1.17152531844427,-3.2631475712641
E2_v02022025,7,210,flashbaseline,valid,petal,lower_right,11,below_trajectory,1,13,152.941176470588,4,12,6.74275009917573,-9.84534259882253,upper_left,9.49183967546775,6.00311852356906,-7.40606650992419,-2.50816032453225,-0.748826320122777,2.49423317933651
E2_v02022025,7,211,flashbaseline,valid,petal,upper_right,11,below_trajectory,0,17,200,4,11,6.05484991354859,9.16779144648083,centre,8.03545072049061,4.98591479355844,6.33326699555096,-2.96454927950939,-1.07882454923485,-2.88521208067452
E2_v02022025,7,212,flashbaseline,valid,petal,lower_left,11,above_trajectory,1,13,152.941176470588,4,12,-9.84534259882253,-6.74275009917573,upper_right,11.6598146459007,-9.91256378711837,-6.26312600914797,-0.340185354099324,-0.0692598492256973,0.485847226257265
E2_v02022025,7,213,flashbaseline,valid,fugal,upper_left,11,below_trajectory,-1,27,317.647058823529,4,10,-5.36519323471948,8.48764430567507,centre,8.65849708985522,-5.6142645545867,6.6337613637918,-1.34150291014478,-0.251370728791667,-1.88603530131794
E2_v02022025,7,214,flashbaseline,valid,petal,lower_left,7,below_trajectory,1,30,352.941176470588,4,8,-3.98138835036701,-7.12027723411205,upper_right,5.58978799443875,-3.0543312045073,-4.69039073589539,-2.41021200556125,0.930499433451519,2.45475978648951
E2_v02022025,7,215,flashbaseline,valid,fugal,lower_left,7,above_trajectory,-1,11,129.411764705882,4,6,-5.74471024790289,-2.59291637442202,centre,5.48194685643898,-4.73701918134042,-2.77165927508604,-0.518053143561024,1.01608981491708,-0.179134773022922
E2_v02022025,7,216,flashbaseline,valid,petal,upper_right,7,above_trajectory,1,30,352.941176470588,4,8,7.12027723411205,3.98138835036701,upper_left,7.40658369102608,6.78861506384474,2.98967279553222,-0.593416308973916,-0.336593926141514,-0.995319739643866
E2_v02022025,7,217,flashbaseline,valid,fugal,lower_right,11,below_trajectory,-1,27,317.647058823529,4,10,5.36519323471948,-8.48764430567507,centre,9.36092988170579,5.08080125246689,-7.90309601280215,-0.639070118294212,-0.286766606348158,0.596656734872096
E2_v02022025,7,218,flashbaseline,valid,petal,lower_right,7,above_trajectory,0,34,400,4,7,6.43342465455161,-3.28763554154348,lower_left,6.2628879559286,5.24473402798881,-3.44211244658357,-0.737112044071405,-1.20099072637592,-0.155010638978213
E2_v02022025,7,219,flashbaseline,valid,petal,lower_left,7,below_trajectory,-1,38,447.058823529412,4,6,-2.59291637442202,-5.74471024790289,centre,6.171879252156,-3.31710398496347,-5.21630475339884,0.171879252155995,-0.726088203880986,0.533258258042152
E2_v02022025,7,220,flashbaseline,valid,fugal,upper_right,7,above_trajectory,0,15,176.470588235294,4,7,6.43342465455161,3.28763554154348,upper_right,6.10742568781841,5.53765019303992,2.59196776357863,-0.89257431218159,-0.905565640930045,-0.697476619162235
E2_v02022025,7,221,flashbaseline,valid,fugal,upper_right,7,below_trajectory,0,15,176.470588235294,4,7,3.28763554154348,6.43342465455161,centre,6.29080176010448,3.54792223714637,5.20809985232346,-0.709198239895522,0.261213719753363,-1.23791469395669
E2_v02022025,7,NA,flashbaseline,invalid_fixation,petal,lower_right,11,below_trajectory,-1,22,258.823529411765,4,10,NaN,NaN,NaN,NaN,NaN,NaN,NaN,NaN,NaN
E2_v02022025,7,222,flashbaseline,valid,fugal,upper_left,11,below_trajectory,-1,27,317.647058823529,4,10,-5.36519323471948,8.48764430567507,centre,8.54411458322788,-5.44366568093186,6.62502894522379,-1.45588541677212,-0.079174757579993,-1.8948760458759
E2_v02022025,7,223,flashbaseline,valid,fugal,lower_left,7,below_trajectory,-1,11,129.411764705882,4,6,-2.59291637442202,-5.74471024790289,upper_right,4.49536400797687,-2.49269297476556,-3.7456750051521,-1.50463599202313,0.100420983314847,2.01219038239257
E2_v02022025,7,224,flashbaseline,valid,petal,lower_right,11,below_trajectory,-1,22,258.823529411765,4,10,5.36519323471948,-8.48764430567507,centre,8.82600487333913,5.10714306222865,-7.23628682260022,-1.17399512666087,-0.26021608368773,1.27506073665654
E2_v02022025,8,225,flash_motion,valid,fugal,lower_right,11,below_trajectory,1,35,411.764705882353,4,12,6.74275009917573,-9.84534259882253,centre,10.2372806202207,5.0401390181243,-8.95621765740534,-1.76271937977935,-1.72035394430836,0.913439259603341
E2_v02022025,8,226,flash_motion,valid,petal,lower_right,11,above_trajectory,-1,22,258.823529411765,4,10,8.48764430567507,-5.36519323471948,upper_left,10.2149196764359,8.52128412498035,-5.71676664890159,0.214919676435885,0.0343919829977392,-0.354878723080254
E2_v02022025,8,227,flash_motion,valid,fugal,upper_left,7,below_trajectory,1,19,223.529411764706,4,8,-3.98138835036701,7.12027723411205,centre,7.30327977993168,-3.64106082705104,6.34790106527443,-0.696720220068318,0.341834786102093,-0.783108221289336
E2_v02022025,8,228,flash_motion,valid,petal,upper_left,7,above_trajectory,0,34,400,4,7,-6.43342465455161,3.28763554154348,upper_left,7.3723607726829,-7.04686121825416,2.1884412120333,0.372360772682902,-0.62198637609613,-1.10160661729947
E2_v02022025,8,229,flash_motion,valid,petal,lower_left,11,below_trajectory,-1,22,258.823529411765,4,10,-5.36519323471948,-8.48764430567507,centre,7.62929746617644,-4.09190745411424,-6.4609543342814,-2.37070253382356,1.28183760098492,2.0609110605807
E2_v02022025,8,230,flash_motion,valid,fugal,lower_left,7,above_trajectory,-1,11,129.411764705882,4,6,-5.74471024790289,-2.59291637442202,lower_left,7.32108010382074,-6.34391003774296,-3.6841740500256,1.32108010382074,-0.605901071669899,-1.09443894868129
E2_v02022025,8,231,flash_motion,valid,fugal,upper_right,11,above_trajectory,0,31,364.705882352941,4,11,9.16779144648083,6.05484991354858,centre,8.76489576757115,7.78036439792661,4.08597339552922,-2.23510423242885,-1.41800889777856,-1.98378331372694
E2_v02022025,8,232,flash_motion,valid,fugal,upper_right,7,below_trajectory,-1,11,129.411764705882,4,6,2.59291637442202,5.74471024790289,upper_left,6.05180953371834,3.28316213155572,5.09492683923539,0.0518095337183357,0.69203871242547,-0.655611109425474
E2_v02022025,8,233,flash_motion,valid,petal,lower_right,7,below_trajectory,0,34,400,4,7,3.28763554154348,-6.43342465455161,centre,6.29082898053777,2.62499193020882,-5.72495761994961,-0.709171019462225,-0.66438858356222,0.716475016819353
E2_v02022025,8,234,flash_motion,valid,petal,upper_right,11,above_trajectory,0,17,200,4,11,9.16779144648083,6.05484991354858,lower_right,9.92372405920181,8.9787446347434,4.29629079201003,-1.07627594079819,-0.193867459652573,-1.77256365517306
E2_v02022025,8,235,flash_motion,valid,fugal,upper_right,11,below_trajectory,-1,27,317.647058823529,4,10,5.36519323471948,8.48764430567507,centre,7.32481931589225,4.42062813269247,5.86359676766788,-2.67518068410775,-0.951421742290268,-2.66420528051304
E2_v02022025,8,236,flash_motion,valid,fugal,upper_left,11,above_trajectory,1,35,411.764705882353,4,12,-9.84534259882253,6.74275009917573,lower_right,10.0782054208783,-9.02698048819371,4.55639506871432,-1.92179457912171,0.840921665549887,-2.2069345140303
E2_v02022025,8,237,flash_motion,valid,petal,lower_left,11,above_trajectory,1,13,152.941176470588,4,12,-9.84534259882253,-6.74275009917573,centre,11.3733172509606,-9.85038161158853,-5.79847531967413,-0.6266827490394,-0.00519085647187671,0.955609780557552
E2_v02022025,8,238,flash_motion,valid,petal,upper_left,11,above_trajectory,1,13,152.941176470588,4,12,-9.84534259882253,6.74275009917573,lower_right,9.75717105661101,-8.28987825373507,5.21821283919364,-2.24282894338899,1.5947760375044,-1.5409907411775
E2_v02022025,8,239,flash_motion,valid,fugal,lower_left,7,below_trajectory,1,19,223.529411764706,4,8,-3.98138835036701,-7.12027723411205,centre,8.41797554016165,-3.85294561796898,-7.50688837409451,0.417975540161649,0.12904480014681,-0.392974863448503
E2_v02022025,8,240,flash_motion,valid,petal,upper_right,11,below_trajectory,0,17,200,4,11,6.05484991354859,9.16779144648083,upper_left,8.90579470338527,5.73143403551086,6.86183237546016,-2.09420529661473,-0.326858951322504,-2.35069333674815
E2_v02022025,8,241,flash_motion,valid,petal,lower_left,7,below_trajectory,1,30,352.941176470588,4,8,-3.98138835036701,-7.12027723411205,centre,7.07043732821572,-2.86513126242208,-6.4746313214055,-0.92956267178428,1.12014440146458,0.654798027695002
E2_v02022025,8,242,flash_motion,valid,fugal,lower_right,7,above_trajectory,-1,11,129.411764705882,4,6,5.74471024790289,-2.59291637442202,lower_left,6.33331974264003,5.26438496663338,-3.54083066376966,0.333319742640032,-0.484777418858035,-0.950570043568687
E2_v02022025,8,243,flash_motion,valid,petal,upper_left,11,below_trajectory,-1,22,258.823529411765,4,10,-5.36519323471948,8.48764430567507,centre,6.56872756078952,-3.18592616917472,5.75619544443812,-3.43127243921048,2.19064815753952,-2.77247448138968
E2_v02022025,8,244,flash_motion,valid,petal,lower_right,11,below_trajectory,1,13,152.941176470588,4,12,6.74275009917573,-9.84534259882253,upper_right,8.73407028873105,5.36090446546235,-6.93540636435591,-3.26592971126895,-1.39717059904323,2.97125629964896
E2_v02022025,8,245,flash_motion,valid,petal,upper_left,7,below_trajectory,0,34,400,4,7,-3.28763554154348,6.43342465455161,centre,6.26066373183063,-2.78912642997734,5.6138834382291,-0.739336268169372,0.499904123528115,-0.828623485504278
E2_v02022025,8,246,flash_motion,valid,fugal,upper_left,7,above_trajectory,-1,11,129.411764705882,4,6,-5.74471024790289,2.59291637442202,lower_left,6.40456216070145,-5.7428626455802,2.85419178835233,0.40456216070145,0.00186629520659605,0.261865309276862
E2_v02022025,8,247,flash_motion,valid,fugal,lower_left,11,below_trajectory,1,35,411.764705882353,4,12,-6.74275009917573,-9.84534259882253,centre,10.8142871241245,-6.06229385281388,-9.02172584510712,-1.18571287587553,0.688999507576789,0.846307683141589
E2_v02022025,8,248,flash_motion,valid,petal,lower_left,7,below_trajectory,1,30,352.941176470588,4,8,-3.98138835036701,-7.12027723411205,upper_right,6.7060571733365,-3.68704811689517,-5.61693235513264,-1.2939428266635,0.29566034275341,1.52180542821812
E2_v02022025,8,249,flash_motion,valid,fugal,lower_right,11,above_trajectory,-1,27,317.647058823529,4,10,8.48764430567507,-5.36519323471948,centre,7.84599908295545,6.7905121675337,-3.96746542968784,-2.15400091704455,-1.72727139263941,1.40682837814658
E2_v02022025,8,250,flash_motion,valid,fugal,lower_left,11,below_trajectory,-1,27,317.647058823529,4,10,-5.36519323471948,-8.48764430567507,upper_right,9.41446427356132,-4.67433687617321,-8.20809577974366,-0.585535726438678,0.696160831958855,0.285565981688713
E2_v02022025,8,251,flash_motion,valid,fugal,lower_right,7,above_trajectory,1,19,223.529411764706,4,8,7.12027723411205,-3.98138835036701,centre,7.41635572450325,6.13362947079987,-4.20100176148316,-0.583644275496755,-0.999889683694658,-0.220736142211929
E2_v02022025,8,NA,flash_motion,invalid_fixation,fugal,upper_right,7,above_trajectory,1,19,223.529411764706,4,8,NaN,NaN,NaN,NaN,NaN,NaN,NaN,NaN,NaN
E2_v02022025,8,252,flash_motion,valid,fugal,upper_left,11,above_trajectory,0,31,364.705882352941,4,11,-9.16779144648083,6.05484991354858,centre,8.92116099677409,-8.20753034549518,3.54447229611258,-2.07883900322591,0.982609718332055,-2.5268502396109
E2_v02022025,8,253,flash_motion,valid,petal,upper_right,7,above_trajectory,1,30,352.941176470588,4,8,7.12027723411205,3.98138835036701,upper_right,7.59540691798339,7.01540146512671,2.9403584319633,-0.404593082016612,-0.106487898966575,-1.04475073239235
E2_v02022025,8,254,flash_motion,valid,petal,lower_right,7,below_trajectory,-1,38,447.058823529412,4,6,2.59291637442202,-5.74471024790289,centre,6.22229383247008,2.53321122064502,-5.69066827227707,0.222293832470082,-0.0598247743526738,0.0545837359135591
E2_v02022025,8,255,flash_motion,valid,petal,upper_right,7,below_trajectory,0,34,400,4,7,3.28763554154348,6.43342465455161,upper_right,5.85515847192533,2.7298127910327,5.18768207649849,-1.14484152807467,-0.559350477388263,-1.25849166910913
E2_v02022025,8,256,flash_motion,valid,fugal,upper_right,7,above_trajectory,1,19,223.529411764706,4,8,7.12027723411205,3.98138835036701,centre,7.02830669509942,6.13077641106664,3.46300793207126,-0.971693304900576,-1.00277479449986,-0.520563633748989
E2_v02022025,9,257,centralcue,valid,petal,upper_right,7,NaN,1,30,352.941176470588,4,8,5.30487265963075,5.30487265963075,centre,4.24045021208282,3.19762615388445,2.79085392264933,-3.75954978791718,-2.1181677638631,-2.52538351872449
E2_v02022025,9,258,centralcue,valid,fugal,upper_right,11,NaN,-1,27,317.647058823529,4,10,7.11402373423676,7.11402373423675,lower_right,11.3849944496296,9.21398291174184,6.80341207569855,1.38499444962959,2.14243421793037,-0.315236465145027
E2_v02022025,9,259,centralcue,valid,fugal,upper_left,7,NaN,0,15,176.470588235294,4,7,-5.05778196197291,5.05778196197291,centre,11.2158500131709,-8.73267504073404,7.14765518127308,4.21585001317087,-3.72471289535423,2.11304705547603
E2_v02022025,9,260,centralcue,valid,fugal,lower_left,7,NaN,0,15,176.470588235294,4,7,-5.05778196197291,-5.05778196197291,lower_left,10.4797962062189,-7.95424416974969,-6.91113706134027,3.47979620621895,-2.93221916070165,-1.87322330732692
E2_v02022025,9,261,centralcue,valid,fugal,upper_right,7,NaN,1,19,223.529411764706,4,8,5.74491306592023,5.74491306592023,centre,9.71218452780951,7.53752293378931,6.19562840272324,1.71218452780951,1.81645709458632,0.455637589233627
E2_v02022025,9,262,centralcue,valid,fugal,upper_right,11,NaN,1,35,411.764705882353,4,12,8.47501820494743,8.47501820494743,lower_right,8.30136844276766,6.71347777684143,4.9276710606675,-3.69863155723234,-1.79241721907718,-3.59280042209252
E2_v02022025,9,263,centralcue,valid,petal,upper_left,7,NaN,0,34,400,4,7,-4.61678280264094,4.61678280264094,centre,4.26636019332051,-3.51533843695648,2.42355658049899,-2.73363980667949,1.10690700932295,-2.20071489314358
E2_v02022025,9,264,centralcue,valid,petal,lower_right,7,NaN,-1,38,447.058823529412,4,6,3.9273558020264,-3.9273558020264,lower_left,4.29471610945427,2.78106473045658,-3.27779258686344,-1.70528389054573,-1.15011286042053,0.652116948267617
E2_v02022025,9,265,centralcue,valid,fugal,lower_right,11,NaN,-1,27,317.647058823529,4,10,7.11402373423676,-7.11402373423676,centre,9.62361918863235,7.55548562979964,-6.02994881026383,-0.376380811367648,0.448769507406057,1.09836335861355
E2_v02022025,9,266,centralcue,valid,fugal,lower_right,7,NaN,0,15,176.470588235294,4,7,5.05778196197291,-5.05778196197291,lower_left,7.92603245513881,5.61731346750205,-5.62760331287165,0.926032455138808,0.564401907468923,-0.574790452533433
E2_v02022025,9,267,centralcue,valid,petal,upper_left,7,NaN,1,30,352.941176470588,4,8,-5.30487265963075,5.30487265963075,centre,4.89966138114331,-3.75927685786399,3.15140007737669,-3.10033861885669,1.55502087213081,-2.16447130115559
E2_v02022025,9,268,centralcue,valid,fugal,upper_left,11,NaN,-1,27,317.647058823529,4,10,-7.11402373423675,7.11402373423675,upper_left,13.3172240743241,-10.8028571067478,7.9738695997858,3.3172240743241,-3.77642912075669,0.874875529850387
E2_v02022025,9,NA,centralcue,invalid_fixation,petal,lower_right,11,NaN,-1,22,258.823529411765,0,10,NaN,NaN,NaN,NaN,NaN,NaN,NaN,NaN,NaN
E2_v02022025,9,269,centralcue,valid,petal,upper_left,11,NaN,-1,22,258.823529411765,4,10,-6.67626771403078,6.67626771403078,lower_right,3.92384567693738,-3.09020655780177,2.42278835829792,-6.07615432306262,3.60866286862928,-4.27446732305876
E2_v02022025,9,270,centralcue,valid,fugal,upper_left,7,NaN,-1,11,129.411764705882,4,6,-4.36918916497228,4.36918916497228,centre,10.3672948317948,-8.29119704809324,6.31121929857231,4.36729483179483,-3.96553805833807,1.95842818908039
E2_v02022025,9,271,centralcue,valid,fugal,lower_left,7,NaN,-1,11,129.411764705882,4,6,-4.36918916497228,-4.36918916497228,upper_left,8.8564317778364,-5.68819166073338,-6.83281368614847,2.8564317778364,-1.32903693899286,-2.4861511144041
E2_v02022025,9,272,centralcue,valid,fugal,upper_right,7,NaN,1,19,223.529411764706,4,8,5.74491306592023,5.74491306592023,centre,8.41006950376894,6.57357734665712,5.29185604071383,0.410069503768938,0.838269941211052,-0.457278623745626
E2_v02022025,9,273,centralcue,valid,petal,upper_right,7,NaN,0,34,400,4,7,4.61678280264094,4.61678280264094,upper_right,3.52481010095375,2.82386724756751,2.11293471612555,-3.47518989904625,-1.80005239988477,-2.51129833907071
E2_v02022025,9,274,centralcue,valid,fugal,upper_left,11,NaN,1,35,411.764705882353,4,12,-8.47501820494743,8.47501820494743,centre,9.84913106384488,-7.11620917666528,6.87927982013162,-2.15086893615512,1.38407639193162,-1.6244096560206
E2_v02022025,9,275,centralcue,valid,petal,lower_left,11,NaN,1,13,152.941176470588,4,12,-8.20988099693041,-8.20988099693041,lower_right,3.521785734343,-2.2138004794774,-2.74171438319213,-8.478214265657,6.02927747756716,5.50571628803232
E2_v02022025,9,276,centralcue,valid,fugal,lower_right,7,NaN,0,15,176.470588235294,4,7,5.05778196197291,-5.05778196197291,centre,8.34184241460693,6.59617180036085,-5.15180465646568,1.34184241460693,1.55412662296738,-0.0947729494599167
E2_v02022025,9,277,centralcue,valid,petal,upper_right,11,NaN,0,17,200,4,11,7.52960416350469,7.52960416350469,lower_left,3.51394534198883,2.68911524920592,2.26528479716003,-7.48605465801117,-4.87039552275347,-5.29168858897556
E2_v02022025,9,278,centralcue,valid,fugal,lower_left,11,NaN,-1,27,317.647058823529,4,10,-7.11402373423675,-7.11402373423676,centre,8.15960960008617,-5.33858940766053,-6.20646721503437,-1.84039039991383,1.79612704018371,0.919872165715945
E2_v02022025,9,279,centralcue,valid,petal,lower_right,11,NaN,-1,22,258.823529411765,4,10,6.67626771403078,-6.67626771403078,upper_left,6.38283741812739,4.73205087476195,-4.30298692294816,-3.61716258187261,-1.96304054520781,2.3941590155908
E2_v02022025,9,280,centralcue,valid,petal,lower_left,7,NaN,0,34,400,4,7,-4.61678280264094,-4.61678280264094,centre,4.32175937047947,-2.9938940536,-3.12243475438409,-2.67824062952053,1.6297392518507,1.50092784740832
E2_v02022025,9,281,centralcue,valid,petal,upper_left,11,NaN,1,13,152.941176470588,4,12,-8.20988099693041,8.20988099693041,lower_left,7.16022045349659,-6.34352993665829,3.34816736798015,-4.83977954650341,1.89626457685356,-4.90255087627578
E2_v02022025,9,282,centralcue,valid,petal,lower_left,7,NaN,1,30,352.941176470588,4,8,-5.30487265963075,-5.30487265963075,centre,5.02863499958363,-3.40108562075442,-3.71272228819684,-2.97136500041637,1.91428481409108,1.60173847153718
E2_v02022025,9,283,centralcue,valid,petal,lower_right,7,NaN,1,30,352.941176470588,4,8,5.30487265963075,-5.30487265963075,upper_left,3.99199481941382,2.61884803069955,-3.01711039026299,-4.00800518058618,-2.69741546229507,2.29894664785153
E2_v02022025,9,284,centralcue,valid,fugal,lower_left,11,NaN,1,35,411.764705882353,4,12,-8.47501820494743,-8.47501820494743,centre,9.40120503953787,-6.54585361542535,-6.80663694451338,-2.59879496046213,1.96212352150668,1.69803671762459
E2_v02022025,9,285,centralcue,valid,petal,upper_right,11,NaN,0,17,200,4,11,7.52960416350469,7.52960416350469,upper_right,4.63411683551421,3.45936566595286,3.09097391864402,-6.36588316448579,-4.10265021168317,-4.47018359360863
E2_v02022025,9,286,centralcue,valid,fugal,lower_right,11,NaN,-1,27,317.647058823529,4,10,7.11402373423676,-7.11402373423676,centre,9.72815667332815,7.24670065665847,-6.55952597803914,-0.271843326671846,0.134782486502078,0.562454908284076
E2_v02022025,9,287,centralcue,valid,petal,lower_left,11,NaN,-1,22,258.823529411765,4,10,-6.67626771403078,-6.67626771403078,lower_left,4.00170615615733,-3.18170643724561,-2.43200696710448,-5.99829384384267,3.51724277235976,4.26528334292319
E2_v02022025,9,288,centralcue,valid,petal,lower_right,11,NaN,-1,22,258.823529411765,4,10,6.67626771403078,-6.67626771403078,centre,3.59256718761332,2.17480064455899,-2.86225247369325,-6.40743281238668,-4.52139407064722,3.83626970467198
E2_v02022025,10,289,motion_flash,valid,fugal,lower_right,7,above_trajectory,0,15,176.470588235294,4,7,5.05778196197291,-5.05778196197291,centre,6.53768021829976,4.39270364396953,-4.8610124331458,-0.46231978170024,-0.669599607620246,0.198250579286985
E2_v02022025,10,290,motion_flash,valid,fugal,upper_left,7,below_trajectory,0,15,176.470588235294,4,7,-5.05778196197291,5.05778196197291,upper_left,7.05807122062985,-5.73638648944478,4.13975954054098,0.0580712206298477,-0.684637251547632,-0.923902118903921
E2_v02022025,10,291,motion_flash,valid,fugal,lower_left,11,above_trajectory,0,31,364.705882352941,4,11,-7.79562741124155,-7.79562741124155,centre,8.73652424017244,-6.82693365280469,-5.50333879875719,-2.26347575982756,0.984567775250262,2.32249220681928
E2_v02022025,10,292,motion_flash,valid,fugal,lower_left,7,above_trajectory,1,19,223.529411764706,4,8,-5.74491306592023,-5.74491306592023,upper_left,7.98743433604315,-6.25951390155086,-5.0011901331405,-0.012565663956849,-0.520279118581573,0.750269853377193
E2_v02022025,10,293,motion_flash,valid,fugal,upper_right,7,below_trajectory,0,15,176.470588235294,4,7,5.05778196197291,5.05778196197291,centre,7.82769340584991,5.79828488395726,5.29452670965158,0.827693405849906,0.747157314388841,0.23868646534794
E2_v02022025,10,294,motion_flash,valid,petal,lower_left,7,below_trajectory,0,34,400,4,7,-4.61678280264094,-4.61678280264094,lower_left,6.17640342547809,-4.35119557834169,-4.40035439734607,-0.823596574521909,0.267219077434883,0.217773300151108
E2_v02022025,10,295,motion_flash,valid,fugal,upper_right,7,below_trajectory,-1,11,129.411764705882,4,6,4.36918916497228,4.36918916497228,centre,8.00402286562953,5.76724214686915,5.58758520777051,2.00402286562953,1.40883713855587,1.22750059583049
E2_v02022025,10,296,motion_flash,valid,petal,lower_right,11,above_trajectory,1,13,152.941176470588,4,12,8.20988099693041,-8.20988099693041,upper_left,5.89616279575401,4.12904117359403,-4.22358241128508,-6.10383720424599,-4.1231979732197,4.02863283144677
E2_v02022025,10,297,motion_flash,valid,petal,upper_left,7,above_trajectory,-1,38,447.058823529412,4,6,-3.9273558020264,3.9273558020264,centre,4.49347033043694,-3.43252705444646,2.90677611238662,-1.50652966956306,0.496866273167537,-1.02413661604602
E2_v02022025,10,298,motion_flash,valid,petal,lower_right,11,above_trajectory,-1,22,258.823529411765,4,10,6.67626771403078,-6.67626771403078,upper_right,5.25660994520478,3.89086700839756,-3.54543061564887,-4.74339005479522,-2.80754031724289,3.15349764003853
E2_v02022025,10,299,motion_flash,valid,fugal,lower_right,11,below_trajectory,0,31,364.705882352941,4,11,7.79562741124155,-7.79562741124155,centre,8.17341467141516,6.29297150905347,-5.25770760229038,-2.82658532858484,-1.52533157813047,2.56985092556614
E2_v02022025,10,300,motion_flash,valid,fugal,upper_left,7,below_trajectory,-1,11,129.411764705882,4,6,-4.36918916497228,4.36918916497228,lower_right,7.88528996060729,-6.31369025466154,4.76224178872608,1.88528996060729,-1.96092645746813,0.395554401022264
E2_v02022025,10,301,motion_flash,valid,fugal,lower_right,7,below_trajectory,1,19,223.529411764706,4,8,5.74491306592023,-5.74491306592023,centre,5.0468811061599,3.43271876417624,-3.7085072279097,-2.9531188938401,-2.32613240737209,2.04967361538007
E2_v02022025,10,302,motion_flash,valid,petal,lower_right,7,below_trajectory,0,34,400,4,7,4.61678280264094,-4.61678280264094,upper_right,3.9133842210927,2.87703010207912,-2.65724640828669,-3.0866157789073,-1.74680879011973,1.96687462942015
E2_v02022025,10,303,motion_flash,valid,petal,lower_left,11,below_trajectory,0,17,200,4,11,-7.52960416350469,-7.52960416350469,centre,6.37089019310952,-4.80503955087668,-4.20291542667421,-4.62910980689048,2.75479092692002,3.35892830064561
E2_v02022025,10,304,motion_flash,valid,petal,upper_left,7,above_trajectory,-1,38,447.058823529412,4,6,-3.9273558020264,3.9273558020264,upper_left,3.09388555075893,-2.36363265220634,1.99860437624465,-2.90611444924107,1.56815214912779,-1.9333687021105
E2_v02022025,10,305,motion_flash,valid,petal,lower_left,11,below_trajectory,-1,22,258.823529411765,4,10,-6.67626771403078,-6.67626771403078,centre,5.51343495130747,-4.32460505519375,-3.43291047382907,-4.48656504869253,2.37245547116836,3.26608202235855
E2_v02022025,10,306,motion_flash,valid,petal,upper_left,11,below_trajectory,-1,22,258.823529411765,4,10,-6.67626771403078,6.67626771403078,upper_right,6.05350734246477,-4.49329841106659,4.07314787233356,-3.94649265753523,2.20302965732623,-2.62478749152783
E2_v02022025,10,307,motion_flash,valid,petal,upper_right,7,above_trajectory,0,34,400,4,7,4.61678280264094,4.61678280264094,centre,4.98938356849589,3.45840717021524,3.60503416559481,-2.01061643150411,-1.16402721062205,-1.01689499766206
E2_v02022025,10,308,motion_flash,valid,petal,upper_right,7,below_trajectory,-1,38,447.058823529412,4,6,3.9273558020264,3.9273558020264,lower_right,5.3796683907703,4.29648211166947,3.24960153375235,-0.620331609229703,0.371030134119972,-0.680395846904503
E2_v02022025,10,309,motion_flash,valid,fugal,upper_right,11,below_trajectory,1,35,411.764705882353,4,12,8.47501820494743,8.47501820494743,centre,8.25236449824445,6.14903546538672,5.54603681774639,-3.74763550175555,-2.36327988221228,-2.97128372433832
E2_v02022025,10,310,motion_flash,valid,petal,upper_left,11,below_trajectory,1,13,152.941176470588,4,12,-8.20988099693041,8.20988099693041,upper_left,6.7605551147449,-4.83083025269722,4.75192367238974,-5.2394448852551,3.42015620922883,-3.49932780148834
E2_v02022025,10,311,motion_flash,valid,fugal,upper_left,11,below_trajectory,1,35,411.764705882353,4,12,-8.47501820494743,8.47501820494743,centre,9.53141103032947,-6.86600470694383,6.67438201749865,-2.46858896967053,1.6378667070675,-1.83201187319924
E2_v02022025,10,312,motion_flash,valid,petal,lower_left,7,below_trajectory,-1,38,447.058823529412,4,6,-3.9273558020264,-3.9273558020264,lower_right,3.92507390672592,-2.94918544988375,-2.59465584186651,-2.07492609327408,0.981629359040183,1.33684460842417
E2_v02022025,10,313,motion_flash,valid,petal,upper_right,11,below_trajectory,0,17,200,4,11,7.52960416350469,7.52960416350469,centre,7.01376250065484,4.97808590647311,4.96567387440892,-3.98623749934516,-2.58085478125306,-2.59333526720585
E2_v02022025,10,314,motion_flash,valid,fugal,lower_left,7,above_trajectory,0,15,176.470588235294,4,7,-5.05778196197291,-5.05778196197291,lower_left,6.90840701443725,-4.54224707901809,-5.22698988429367,-0.0915929855627535,0.519159492720041,-0.17057792661325
E2_v02022025,10,315,motion_flash,valid,petal,upper_right,11,above_trajectory,1,13,152.941176470588,4,12,8.20988099693041,8.20988099693041,centre,3.9076768045861,2.49768587998895,3.00905193910179,-8.0923231954139,-5.74790476558872,-5.24005421389897
E2_v02022025,10,NA,motion_flash,invalid_fixation,fugal,lower_left,11,below_trajectory,1,35,411.764705882353,0,12,NaN,NaN,NaN,NaN,NaN,NaN,NaN,NaN,NaN
E2_v02022025,10,316,motion_flash,valid,petal,lower_right,7,below_trajectory,1,30,352.941176470588,4,8,5.30487265963075,-5.30487265963075,centre,5.48089617465639,4.01016290095755,-3.74835709412992,-2.51910382534361,-1.30313472711189,1.56597950933906
E2_v02022025,10,317,motion_flash,valid,fugal,upper_left,11,below_trajectory,0,31,364.705882352941,4,11,-7.79562741124155,7.79562741124155,lower_left,8.84171327849146,-6.83850390331034,5.65789907367852,-2.15828672150854,0.972834831179173,-2.16669567555596
E2_v02022025,10,318,motion_flash,valid,fugal,upper_right,11,below_trajectory,-1,27,317.647058823529,4,10,7.11402373423676,7.11402373423675,centre,7.15128586026572,5.12756601967321,5.01150058457362,-2.84871413973428,-2.00868610954554,-2.12551275844237
E2_v02022025,10,319,motion_flash,valid,fugal,lower_right,11,above_trajectory,-1,27,317.647058823529,4,10,7.11402373423676,-7.11402373423676,upper_right,8.24578846756713,5.74571972649119,-5.9540179738034,-1.75421153243287,-1.38548023949395,1.17510052643267
E2_v02022025,10,320,motion_flash,valid,fugal,lower_left,11,below_trajectory,1,35,411.764705882353,4,12,-8.47501820494743,-8.47501820494743,centre,12.6309617856898,-8.62343579322714,-9.36838743321174,0.630961785689765,-0.151771405854042,-0.915327415953076
E2_v02022025,11,321,flashbaseline,valid,fugal,lower_right,11,below_trajectory,0,31,364.705882352941,4,11,6.05484991354859,-9.16779144648083,centre,8.84070011572608,4.44663809259513,-7.67154519732689,-2.15929988427392,-1.62147037790459,1.52875769464998
E2_v02022025,11,322,flashbaseline,valid,fugal,lower_left,11,below_trajectory,1,35,411.764705882353,4,12,-6.74275009917573,-9.84534259882253,upper_right,9.54559256960632,-5.59597040782069,-7.7822531237917,-2.45440743039368,1.16006050212624,2.11197794993178
E2_v02022025,11,323,flashbaseline,valid,petal,lower_right,7,below_trajectory,1,30,352.941176470588,4,8,3.98138835036701,-7.12027723411205,centre,6.53814661266597,3.16578622882136,-5.73219595709561,-1.46185338733403,-0.818741417620494,1.40547972684188
E2_v02022025,11,324,flashbaseline,valid,fugal,upper_left,7,below_trajectory,1,19,223.529411764706,4,8,-3.98138835036701,7.12027723411205,upper_left,6.24382976558748,-3.71099795021361,5.03536612081482,-1.75617023441252,0.271610997612065,-2.10783796088933
E2_v02022025,11,325,flashbaseline,valid,fugal,upper_left,11,below_trajectory,-1,27,317.647058823529,4,10,-5.36519323471948,8.48764430567507,centre,7.91787253934033,-4.53632005339245,6.51660743927992,-2.08212746065967,0.835048386118026,-2.00460894556856
E2_v02022025,11,326,flashbaseline,valid,petal,upper_right,7,above_trajectory,-1,38,447.058823529412,4,6,5.74471024790289,2.59291637442202,upper_right,4.53235559080319,4.09975559007055,1.93903094117918,-1.46764440919681,-1.65680946009678,-0.65488786384673
E2_v02022025,11,327,flashbaseline,valid,petal,upper_left,11,above_trajectory,-1,22,258.823529411765,4,10,-8.48764430567507,5.36519323471948,centre,10.0096356138137,-8.99075787878458,4.47283744559655,0.00963561381371214,-0.514992016302828,-0.898910381994877
E2_v02022025,11,328,flashbaseline,valid,petal,upper_right,11,above_trajectory,0,17,200,4,11,9.16779144648083,6.05484991354858,lower_right,10.1776548719181,9.64125610459181,3.32285661113419,-0.822345128081905,0.486444669719067,-2.74879267172103
E2_v02022025,11,329,flashbaseline,valid,petal,upper_left,7,below_trajectory,1,30,352.941176470588,4,8,-3.98138835036701,7.12027723411205,centre,5.96848322201705,-3.55961351227154,4.80312905074583,-2.03151677798295,0.423600902389717,-2.34144287417817
E2_v02022025,11,330,flashbaseline,valid,petal,upper_left,7,below_trajectory,-1,38,447.058823529412,4,6,-2.59291637442202,5.74471024790289,upper_left,4.87389844040281,-2.99638841807933,3.85103030626518,-1.12610155959719,-0.404428429624022,-1.90649439992656
E2_v02022025,11,331,flashbaseline,valid,fugal,lower_right,7,below_trajectory,1,19,223.529411764706,4,8,3.98138835036701,-7.12027723411205,centre,6.64094850562898,3.5538637418628,-5.62436395635415,-1.35905149437102,-0.42937256694862,1.51430711475165
E2_v02022025,11,332,flashbaseline,valid,fugal,upper_left,7,above_trajectory,-1,11,129.411764705882,4,6,-5.74471024790289,2.59291637442202,lower_right,4.99729853758327,-4.58277766894159,2.00129468838606,-1.00270146241673,1.17129953127151,-0.592557825860287
E2_v02022025,11,333,flashbaseline,valid,fugal,lower_left,11,below_trajectory,1,35,411.764705882353,4,12,-6.74275009917573,-9.84534259882253,centre,9.29290242487147,-5.51306076354227,-7.52693369875364,-2.70709757512853,1.24371743810007,2.37151149181187
E2_v02022025,11,334,flashbaseline,valid,petal,lower_left,11,below_trajectory,0,17,200,4,11,-6.05484991354859,-9.16779144648083,lower_right,8.62812608003432,-5.162491972448,-6.95057340940179,-2.37187391996568,0.90090828850225,2.26079614375481
E2_v02022025,11,335,flashbaseline,valid,fugal,upper_right,11,below_trajectory,1,35,411.764705882353,4,12,6.74275009917573,9.84534259882253,centre,8.77138209349958,7.17852867338174,5.09339977868078,-3.22861790650042,0.44226743068615,-4.82510305647637
E2_v02022025,11,336,flashbaseline,valid,fugal,lower_right,7,above_trajectory,-1,11,129.411764705882,4,6,5.74471024790289,-2.59291637442202,upper_left,6.05149169629473,5.09282712910219,-3.28584688225787,0.0514916962947289,-0.657727225705477,-0.694731910658918
E2_v02022025,11,337,flashbaseline,valid,fugal,lower_left,7,below_trajectory,-1,11,129.411764705882,4,6,-2.59291637442202,-5.74471024790289,centre,5.24502202580553,-2.77626604744739,-4.45696506795584,-0.754977974194469,-0.183752314206563,1.29783956786533
E2_v02022025,11,338,flashbaseline,valid,petal,upper_left,11,above_trajectory,1,13,152.941176470588,4,12,-9.84534259882253,6.74275009917573,upper_right,11.4896987790391,-10.5375301786492,4.68446618298887,-0.510301220960883,-0.714530690747686,-2.07820709537058
E2_v02022025,11,339,flashbaseline,valid,fugal,upper_right,11,below_trajectory,0,31,364.705882352941,4,11,6.05484991354859,9.16779144648083,centre,8.19185862759377,5.13749072386258,6.41478905198746,-2.80814137240623,-0.926106213386727,-2.80287592229833
E2_v02022025,11,NA,flashbaseline,invalid_fixation,petal,lower_right,11,below_trajectory,1,13,152.941176470588,4,12,NaN,NaN,NaN,NaN,NaN,NaN,NaN,NaN,NaN
E2_v02022025,11,340,flashbaseline,valid,petal,upper_right,11,below_trajectory,0,17,200,4,11,6.05484991354859,9.16779144648083,centre,7.58184597435863,4.95746258094509,5.7651471156487,-3.41815402564137,-1.10748163691294,-3.45795355255362
E2_v02022025,11,341,flashbaseline,valid,petal,lower_left,11,above_trajectory,1,13,152.941176470588,4,12,-9.84534259882253,-6.74275009917573,upper_left,10.5851313202576,-8.56324255734053,-6.31540090275645,-1.41486867974238,1.31559271154892,0.432940774679525
E2_v02022025,11,342,flashbaseline,valid,fugal,upper_left,11,below_trajectory,-1,27,317.647058823529,4,10,-5.36519323471948,8.48764430567507,centre,6.87644591389307,-4.44893300105031,5.26438496663338,-3.12355408610693,0.922954237894827,-3.26748423891455
E2_v02022025,11,NA,flashbaseline,invalid_fixation,petal,lower_left,7,below_trajectory,1,30,352.941176470588,4,8,NaN,NaN,NaN,NaN,NaN,NaN,NaN,NaN,NaN
E2_v02022025,11,343,flashbaseline,valid,fugal,lower_left,7,above_trajectory,-1,11,129.411764705882,4,6,-5.74471024790289,-2.59291637442202,centre,5.61688137483654,-4.64643199006979,-3.16981427970139,-0.383118625163464,1.10725583970096,-0.578344632267159
E2_v02022025,11,344,flashbaseline,valid,petal,upper_right,7,above_trajectory,1,30,352.941176470588,4,8,7.12027723411205,3.98138835036701,upper_left,6.4394310717368,5.81827993156679,2.77837747277763,-1.5605689282632,-1.31856431323087,-1.20707308584568
E2_v02022025,11,345,flashbaseline,valid,fugal,lower_right,11,below_trajectory,-1,27,317.647058823529,4,10,5.36519323471948,-8.48764430567507,centre,8.30667740825779,5.68819166073338,-6.09330339914524,-1.69332259174221,0.326019820797409,2.43243850707543
E2_v02022025,11,346,flashbaseline,valid,petal,lower_right,7,above_trajectory,0,34,400,4,7,6.43342465455161,-3.28763554154348,upper_right,5.57235250070188,5.07106569019812,-2.32195173313526,-1.42764749929812,-1.3759855865057,0.967932649902166
E2_v02022025,11,347,flashbaseline,valid,petal,lower_left,7,below_trajectory,-1,38,447.058823529412,4,6,-2.59291637442202,-5.74471024790289,centre,5.11730701156303,-2.62959981520514,-4.39614650242867,-0.882692988436969,-0.0367597372716497,1.3589897130546
E2_v02022025,11,348,flashbaseline,valid,fugal,upper_right,7,above_trajectory,0,15,176.470588235294,4,7,6.43342465455161,3.28763554154348,lower_right,6.39832551820238,5.91633019936336,2.45370861039952,-0.601674481797615,-0.523136350619227,-0.835979370999
E2_v02022025,11,349,flashbaseline,valid,fugal,upper_right,7,below_trajectory,0,15,176.470588235294,4,7,3.28763554154348,6.43342465455161,centre,6.75223067313385,3.0579764037636,6.03147101657602,-0.247769326866154,-0.230363897756906,-0.406742370653586
E2_v02022025,11,NA,flashbaseline,invalid_fixation,petal,lower_right,11,below_trajectory,-1,22,258.823529411765,4,10,NaN,NaN,NaN,NaN,NaN,NaN,NaN,NaN,NaN
E2_v02022025,11,350,flashbaseline,valid,petal,lower_right,11,below_trajectory,1,13,152.941176470588,4,12,6.74275009917573,-9.84534259882253,centre,11.7234303300034,7.49743239039793,-9.11516050579561,-0.276569669996606,0.766423620451287,0.750511369189437
E2_v02022025,11,351,flashbaseline,valid,petal,lower_left,7,below_trajectory,1,30,352.941176470588,4,8,-3.98138835036701,-7.12027723411205,upper_right,5.47879215608806,-3.28642218410085,-4.39327745592061,-2.52120784391194,0.69774338375468,2.75313077155629
E2_v02022025,11,352,flashbaseline,valid,petal,lower_right,11,below_trajectory,-1,22,258.823529411765,4,10,5.36519323471948,-8.48764430567507,centre,8.79965990258802,5.1042799266951,-7.20579992957468,-1.20034009741198,-0.263102015681479,1.30602133916505
E2_v02022025,12,353,flash_motion,valid,fugal,lower_right,11,below_trajectory,1,35,411.764705882353,4,12,6.74275009917573,-9.84534259882253,centre,11.1527403796724,5.55956927748932,-9.72837685366549,-0.847259620327605,-1.19679325829428,0.12044582581423
E2_v02022025,12,354,flash_motion,valid,petal,lower_right,11,above_trajectory,-1,22,258.823529411765,4,10,8.48764430567507,-5.36519323471948,upper_right,9.35216445915458,7.64867850317669,-5.44576302086263,-0.647835540845422,-0.855776758304452,-0.0812911476975956
E2_v02022025,12,355,flash_motion,valid,fugal,upper_left,7,below_trajectory,1,19,223.529411764706,4,8,-3.98138835036701,7.12027723411205,centre,7.57547897350026,-3.14948189375806,6.90355239263262,-0.424521026499737,0.835091967010102,-0.220002632897453
E2_v02022025,12,356,flash_motion,valid,petal,upper_left,7,above_trajectory,0,34,400,4,7,-6.43342465455161,3.28763554154348,lower_left,7.00311691681379,-6.27206100787061,3.14027451408921,0.00311691681379411,0.163363419980561,-0.147825434609566
E2_v02022025,12,357,flash_motion,valid,petal,lower_left,11,below_trajectory,-1,22,258.823529411765,4,10,-5.36519323471948,-8.48764430567507,centre,7.75822422980764,-4.24730981333183,-6.51603767465766,-2.24177577019236,1.12567827008748,2.00518543754647
E2_v02022025,12,358,flash_motion,valid,fugal,lower_left,7,above_trajectory,-1,11,129.411764705882,4,6,-5.74471024790289,-2.59291637442202,lower_left,6.65751913097321,-6.0343251303757,-2.8332718639314,0.657519130973205,-0.292694760848623,-0.240894169995904
E2_v02022025,12,359,flash_motion,valid,fugal,upper_right,11,above_trajectory,0,31,364.705882352941,4,11,9.16779144648083,6.05484991354858,centre,8.92207689385648,8.03405506737026,3.93165741906447,-2.07792310614352,-1.15955524785601,-2.1386565879481
E2_v02022025,12,360,flash_motion,valid,fugal,upper_right,7,below_trajectory,-1,11,129.411764705882,4,6,2.59291637442202,5.74471024790289,upper_right,5.52278225432601,3.43885343487431,4.33187459271047,-0.477217745673991,0.848238767987151,-1.42359782011851
E2_v02022025,12,361,flash_motion,valid,petal,lower_right,7,below_trajectory,0,34,400,4,7,3.28763554154348,-6.43342465455161,centre,5.00751678974537,1.60726831487302,-4.74504475649519,-1.99248321025463,-1.68307412699771,1.70417336543726
E2_v02022025,12,362,flash_motion,valid,petal,upper_right,11,above_trajectory,0,17,200,4,11,9.16779144648083,6.05484991354858,upper_left,11.0190229451119,9.86364164400905,5.01016406291535,0.0190229451119208,0.715374561916626,-1.05439828268857
E2_v02022025,12,363,flash_motion,valid,fugal,upper_right,11,below_trajectory,-1,27,317.647058823529,4,10,5.36519323471948,8.48764430567507,centre,6.65425048243828,2.91023038644932,5.99436480812431,-3.34574951756172,-2.46666922779352,-2.5322985286396
E2_v02022025,12,364,flash_motion,valid,fugal,upper_left,11,above_trajectory,1,35,411.764705882353,4,12,-9.84534259882253,6.74275009917573,lower_left,10.2546316759685,-8.10742322126528,6.36329444888043,-1.74536832403153,1.78085699980205,-0.384458575839646
E2_v02022025,12,365,flash_motion,valid,petal,lower_left,11,above_trajectory,1,13,152.941176470588,4,12,-9.84534259882253,-6.74275009917573,centre,9.14129732942186,-7.78546391870416,-4.84993321180747,-2.85870267057814,2.10871159403998,1.911791187356
E2_v02022025,12,366,flash_motion,valid,petal,upper_left,11,above_trajectory,1,13,152.941176470588,4,12,-9.84534259882253,6.74275009917573,lower_right,9.49943542419369,-7.86552895556928,5.39389724394684,-2.50056457580631,2.02724045380264,-1.3639048105788
E2_v02022025,12,367,flash_motion,valid,fugal,lower_left,7,below_trajectory,1,19,223.529411764706,4,8,-3.98138835036701,-7.12027723411205,centre,7.77831608055846,-4.32307460845933,-6.49077681067139,-0.221683919441536,-0.34348398693716,0.638446154959872
E2_v02022025,12,368,flash_motion,valid,petal,upper_right,11,below_trajectory,0,17,200,4,11,6.05484991354859,9.16779144648083,upper_left,9.46599616302107,4.97999540832267,8.09045095501843,-1.53400383697893,-1.08478680705603,-1.10205021360923
E2_v02022025,12,369,flash_motion,valid,petal,lower_left,7,below_trajectory,1,30,352.941176470588,4,8,-3.98138835036701,-7.12027723411205,centre,5.81910366049986,-2.51900131673126,-5.25236560768472,-2.18089633950014,1.46686282928579,1.88934608626113
E2_v02022025,12,370,flash_motion,valid,fugal,lower_right,7,above_trajectory,-1,11,129.411764705882,4,6,5.74471024790289,-2.59291637442202,lower_left,5.95836373068505,5.250457730271,-2.83269607547863,-0.041636269314953,-0.498821545970115,-0.240316981737818
E2_v02022025,12,NA,flash_motion,invalid_fixation,petal,upper_left,11,below_trajectory,-1,22,258.823529411765,0,10,NaN,NaN,NaN,NaN,NaN,NaN,NaN,NaN,NaN
E2_v02022025,12,371,flash_motion,valid,petal,lower_right,11,below_trajectory,1,13,152.941176470588,4,12,6.74275009917573,-9.84534259882253,upper_right,10.2783757437018,4.95116075213502,-9.05175031331443,-1.72162425629819,-1.80992701528537,0.815530241150554
E2_v02022025,12,372,flash_motion,valid,petal,upper_left,7,below_trajectory,0,34,400,4,7,-3.28763554154348,6.43342465455161,centre,6.43476066118288,-1.8832971538078,6.15740377984763,-0.56523933881712,1.40698986570314,-0.279378534248891
E2_v02022025,12,373,flash_motion,valid,fugal,upper_left,7,above_trajectory,-1,11,129.411764705882,4,6,-5.74471024790289,2.59291637442202,upper_right,6.41875474247597,-5.9092869636526,2.52399402109821,0.418754742475971,-0.166290382439872,-0.0690599376373035
E2_v02022025,12,374,flash_motion,valid,fugal,lower_left,11,below_trajectory,1,35,411.764705882353,4,12,-6.74275009917573,-9.84534259882253,centre,9.2665896369624,-3.70946519968816,-8.51526242742916,-2.7334103630376,3.05649163053962,1.36462774072967
E2_v02022025,12,375,flash_motion,valid,petal,lower_left,7,below_trajectory,1,30,352.941176470588,4,8,-3.98138835036701,-7.12027723411205,lower_right,7.07977899806796,-3.57973714263284,-6.12392894321016,-0.920221001932042,0.403400009499919,1.00969903965458
E2_v02022025,12,376,flash_motion,valid,fugal,lower_right,11,above_trajectory,-1,27,317.647058823529,4,10,8.48764430567507,-5.36519323471948,centre,8.14278006951864,6.72220704144414,-4.63763958134495,-1.85721993048136,-1.79646972210296,0.733095784203131
E2_v02022025,12,377,flash_motion,valid,fugal,lower_left,11,below_trajectory,-1,27,317.647058823529,4,10,-5.36519323471948,-8.48764430567507,upper_right,7.95311188511095,-4.79185688219278,-6.37697668227125,-2.04688811488905,0.577849819693714,2.14583705838625
E2_v02022025,12,378,flash_motion,valid,fugal,lower_right,7,above_trajectory,1,19,223.529411764706,4,8,7.12027723411205,-3.98138835036701,centre,7.79736330883144,6.81991535935391,-3.8157870368247,-0.202636691168558,-0.304849007639327,0.166370049669614
E2_v02022025,12,379,flash_motion,valid,fugal,upper_right,7,above_trajectory,1,19,223.529411764706,4,8,7.12027723411205,3.98138835036701,upper_right,7.26950635619817,6.52040583701023,3.24193022570014,-0.730493643801831,-0.608435390438876,-0.742373011092148
E2_v02022025,12,380,flash_motion,valid,fugal,upper_left,11,above_trajectory,0,31,364.705882352941,4,11,-9.16779144648083,6.05484991354858,centre,9.15098825412146,-7.63318067184248,5.10733393702175,-1.84901174587854,1.56778627431862,-0.956497126176821
E2_v02022025,12,381,flash_motion,valid,petal,upper_right,7,above_trajectory,1,30,352.941176470588,4,8,7.12027723411205,3.98138835036701,lower_left,9.27480760333839,8.40759273090543,3.97263531447213,1.27480760333839,1.31107485893898,-0.00879534396441644
E2_v02022025,12,382,flash_motion,valid,petal,lower_right,7,below_trajectory,-1,38,447.058823529412,4,6,2.59291637442202,-5.74471024790289,centre,5.74928001691155,2.46734379622145,-5.19932227915962,-0.250719983088449,-0.125817615120907,0.55038028029236
E2_v02022025,12,383,flash_motion,valid,petal,upper_right,7,below_trajectory,0,34,400,4,7,3.28763554154348,6.43342465455161,upper_left,6.24694913001898,2.64323127545876,5.66818747883852,-0.753050869981021,-0.646113023664686,-0.773800360058748
E2_v02022025,12,384,flash_motion,valid,petal,upper_left,11,below_trajectory,-1,22,258.823529411765,4,10,-5.36519323471948,8.48764430567507,centre,6.39192722273429,-3.27702550434282,5.4999074411436,-3.60807277726571,2.09938645419617,-3.03058826331725
